[1/875] 13433 · QA · clean
    - raw_direct: nano
    - source_graph: nano
    - response_graph: nano
    - alignment + complete-error-clause projection: nano
    +---------------- CASE PERFORMANCE ----------------+
    Gold       spans=[none]
    Raw        P=100.00% R=100.00% F1=100.00% | detect=OK | spans=[none]
    DualGraph  P=100.00% R=100.00% F1=100.00% | detect=OK | spans=[none]
    Compiler   claims=14 | sentences=27 | claims/sentence=0.52 | whole-sentence nodes=14 | fragments=6 | refinement=YES/local_node_patch
    Case delta DualGraph-Raw = +0.00 pp | winner=TIE
    Running micro-F1 after 1 case(s): Raw=100.00% | DualGraph=100.00%
    +--------------------------------------------------+
[2/875] 17280 · QA · clean
    - raw_direct: nano
    - source_graph: nano
    - response_graph: nano
    - alignment + complete-error-clause projection: nano
    +---------------- CASE PERFORMANCE ----------------+
    Gold       spans=[none]
    Raw        P=100.00% R=100.00% F1=100.00% | detect=OK | spans=[none]
    DualGraph  P=100.00% R=100.00% F1=100.00% | detect=OK | spans=[none]
    Compiler   claims=5 | sentences=3 | claims/sentence=1.67 | whole-sentence nodes=2 | fragments=3 | refinement=YES/local_node_patch
    Case delta DualGraph-Raw = +0.00 pp | winner=TIE
    Running micro-F1 after 2 case(s): Raw=100.00% | DualGraph=100.00%
    +--------------------------------------------------+
[3/875] 15458 · QA · clean
    - raw_direct: nano
    - source_graph: nano
    - response_graph: nano
    - alignment + complete-error-clause projection: nano
    +---------------- CASE PERFORMANCE ----------------+
    Gold       spans=[none]
    Raw        P=  0.00% R=  0.00% F1=  0.00% | detect=MISS | spans=[530:541] 'distinctive' (unsupported)
    DualGraph  P=100.00% R=100.00% F1=100.00% | detect=OK | spans=[none]
    Compiler   claims=8 | sentences=4 | claims/sentence=2.00 | whole-sentence nodes=0 | fragments=0 | refinement=YES/local_node_patch
    Case delta DualGraph-Raw = +100.00 pp | winner=DUAL_GRAPH
    Running micro-F1 after 3 case(s): Raw=0.00% | DualGraph=100.00%
    +--------------------------------------------------+
[4/875] 16933 · QA · clean
    - raw_direct: nano
    - source_graph: nano
    - response_graph: nano
    - alignment + complete-error-clause projection: nano
    +---------------- CASE PERFORMANCE ----------------+
    Gold       spans=[none]
    Raw        P=100.00% R=100.00% F1=100.00% | detect=OK | spans=[none]
    DualGraph  P=100.00% R=100.00% F1=100.00% | detect=OK | spans=[none]
    Compiler   claims=6 | sentences=5 | claims/sentence=1.20 | whole-sentence nodes=4 | fragments=2 | refinement=YES/local_node_patch
    Case delta DualGraph-Raw = +0.00 pp | winner=TIE
    Running micro-F1 after 4 case(s): Raw=0.00% | DualGraph=100.00%
    +--------------------------------------------------+
[5/875] 14510 · QA · clean
    - raw_direct: nano
    - source_graph: nano
    - response_graph: nano
    - alignment + complete-error-clause projection: nano
    +---------------- CASE PERFORMANCE ----------------+
    Gold       spans=[none]
    Raw        P=100.00% R=100.00% F1=100.00% | detect=OK | spans=[none]
    DualGraph  P=100.00% R=100.00% F1=100.00% | detect=OK | spans=[none]
    Compiler   claims=3 | sentences=3 | claims/sentence=1.00 | whole-sentence nodes=0 | fragments=0 | refinement=NO/none
    Case delta DualGraph-Raw = +0.00 pp | winner=TIE
    Running micro-F1 after 5 case(s): Raw=0.00% | DualGraph=100.00%
    +--------------------------------------------------+
[6/875] 14282 · QA · clean
    - raw_direct: nano
    - source_graph: nano
    - response_graph: nano
    - alignment + complete-error-clause projection: nano
    +---------------- CASE PERFORMANCE ----------------+
    Gold       spans=[none]
    Raw        P=  0.00% R=  0.00% F1=  0.00% | detect=MISS | spans=[0:41] 'Unable to answer based on given passages.' (contradiction)
    DualGraph  P=100.00% R=100.00% F1=100.00% | detect=OK | spans=[none]
    Compiler   claims=1 | sentences=1 | claims/sentence=1.00 | whole-sentence nodes=1 | fragments=0 | refinement=NO/none
    Case delta DualGraph-Raw = +100.00 pp | winner=DUAL_GRAPH
    Running micro-F1 after 6 case(s): Raw=0.00% | DualGraph=100.00%
    +--------------------------------------------------+
[7/875] 14099 · QA · clean
    - raw_direct: nano
    - source_graph: nano
    - response_graph: nano
    - alignment + complete-error-clause projection: nano
    +---------------- CASE PERFORMANCE ----------------+
    Gold       spans=[none]
    Raw        P=100.00% R=100.00% F1=100.00% | detect=OK | spans=[none]
    DualGraph  P=100.00% R=100.00% F1=100.00% | detect=OK | spans=[none]
    Compiler   claims=5 | sentences=7 | claims/sentence=0.71 | whole-sentence nodes=1 | fragments=2 | refinement=YES/local_node_patch
    Case delta DualGraph-Raw = +0.00 pp | winner=TIE
    Running micro-F1 after 7 case(s): Raw=0.00% | DualGraph=100.00%
    +--------------------------------------------------+
[8/875] 13039 · QA · clean
    - raw_direct: nano
    - source_graph: nano
    - response_graph: nano
    - alignment + complete-error-clause projection: nano
    +---------------- CASE PERFORMANCE ----------------+
    Gold       spans=[none]
    Raw        P=  0.00% R=  0.00% F1=  0.00% | detect=MISS | spans=[117:156] 'tap on Storage, then Factory data reset' (unsupported)
    DualGraph  P=100.00% R=100.00% F1=100.00% | detect=OK | spans=[none]
    Compiler   claims=5 | sentences=2 | claims/sentence=2.50 | whole-sentence nodes=1 | fragments=3 | refinement=YES/local_node_patch
    Case delta DualGraph-Raw = +100.00 pp | winner=DUAL_GRAPH
    Running micro-F1 after 8 case(s): Raw=0.00% | DualGraph=100.00%
    +--------------------------------------------------+
[9/875] 12133 · QA · clean
    - raw_direct: nano
    - source_graph: nano
    - response_graph: nano
    - alignment + complete-error-clause projection: nano
    +---------------- CASE PERFORMANCE ----------------+
    Gold       spans=[none]
    Raw        P=  0.00% R=  0.00% F1=  0.00% | detect=MISS | spans=[206:217] 'Optionally,' (unsupported)
    DualGraph  P=100.00% R=100.00% F1=100.00% | detect=OK | spans=[none]
    Compiler   claims=12 | sentences=6 | claims/sentence=2.00 | whole-sentence nodes=6 | fragments=5 | refinement=YES/local_node_patch
    Case delta DualGraph-Raw = +100.00 pp | winner=DUAL_GRAPH
    Running micro-F1 after 9 case(s): Raw=0.00% | DualGraph=100.00%
    +--------------------------------------------------+
[10/875] 12216 · QA · clean
    - raw_direct: nano
    - source_graph: nano
    - response_graph: nano
    - alignment + complete-error-clause projection: nano
    +---------------- CASE PERFORMANCE ----------------+
    Gold       spans=[none]
    Raw        P=100.00% R=100.00% F1=100.00% | detect=OK | spans=[none]
    DualGraph  P=100.00% R=100.00% F1=100.00% | detect=OK | spans=[none]
    Compiler   claims=5 | sentences=5 | claims/sentence=1.00 | whole-sentence nodes=5 | fragments=0 | refinement=NO/none
    Case delta DualGraph-Raw = +0.00 pp | winner=TIE
    Running micro-F1 after 10 case(s): Raw=0.00% | DualGraph=100.00%
    +--------------------------------------------------+
[11/875] 15485 · QA · hallucinated
    - raw_direct: nano
    - source_graph: nano
    - response_graph: nano
    - alignment + complete-error-clause projection: nano
    +---------------- CASE PERFORMANCE ----------------+
    Gold       spans=[605:714] "it's recommended to change your password and ensure that you're using the latest versio..." (unsupported); [716:835] "If you're still having trouble accessing your account, you may want to contact Snapchat..." (unsupported)
    Raw        P= 65.22% R= 46.05% F1= 53.98% | detect=OK | spans=[155:211] 'does not support or condone the use of third-party apps,' (unsupported); [625:645] 'change your password' (unsupported); [675:713] 'the latest version of the Snapchat app' (unsupported); [787:834] 'contact Snapchat support for further assistance' (unsupported)
    DualGraph  P=  0.00% R=  0.00% F1=  0.00% | detect=MISS | spans=[none]
    Compiler   claims=9 | sentences=6 | claims/sentence=1.50 | whole-sentence nodes=2 | fragments=0 | refinement=NO/none
    Case delta DualGraph-Raw = -53.98 pp | winner=RAW_DIRECT
    Running micro-F1 after 11 case(s): Raw=42.77% | DualGraph=0.00%
    +--------------------------------------------------+
[12/875] 14052 · QA · clean
    - raw_direct: nano
    - source_graph: nano
    - response_graph: nano
    - alignment + complete-error-clause projection: nano
    +---------------- CASE PERFORMANCE ----------------+
    Gold       spans=[none]
    Raw        P=100.00% R=100.00% F1=100.00% | detect=OK | spans=[none]
    DualGraph  P=100.00% R=100.00% F1=100.00% | detect=OK | spans=[none]
    Compiler   claims=9 | sentences=8 | claims/sentence=1.12 | whole-sentence nodes=0 | fragments=3 | refinement=YES/local_node_patch
    Case delta DualGraph-Raw = +0.00 pp | winner=TIE
    Running micro-F1 after 12 case(s): Raw=42.77% | DualGraph=0.00%
    +--------------------------------------------------+
[13/875] 13915 · QA · clean
    - raw_direct: nano
    - source_graph: nano
    - response_graph: nano
    - alignment + complete-error-clause projection: nano
    +---------------- CASE PERFORMANCE ----------------+
    Gold       spans=[none]
    Raw        P=100.00% R=100.00% F1=100.00% | detect=OK | spans=[none]
    DualGraph  P=100.00% R=100.00% F1=100.00% | detect=OK | spans=[none]
    Compiler   claims=7 | sentences=1 | claims/sentence=7.00 | whole-sentence nodes=0 | fragments=0 | refinement=YES/local_node_patch
    Case delta DualGraph-Raw = +0.00 pp | winner=TIE
    Running micro-F1 after 13 case(s): Raw=42.77% | DualGraph=0.00%
    +--------------------------------------------------+
[14/875] 12604 · QA · clean
    - raw_direct: nano
    - source_graph: nano
    - response_graph: nano
    - alignment + complete-error-clause projection: nano
    +---------------- CASE PERFORMANCE ----------------+
    Gold       spans=[none]
    Raw        P=  0.00% R=  0.00% F1=  0.00% | detect=MISS | spans=[96:110] 'or "harvester"' (contradiction); [126:153] 'In Greek, it means "reaper"' (unsupported)
    DualGraph  P=  0.00% R=  0.00% F1=  0.00% | detect=MISS | spans=[99:110] '"harvester"' (unsupported)
    Compiler   claims=5 | sentences=5 | claims/sentence=1.00 | whole-sentence nodes=1 | fragments=2 | refinement=YES/local_node_patch
    Case delta DualGraph-Raw = +0.00 pp | winner=TIE
    Running micro-F1 after 14 case(s): Raw=39.47% | DualGraph=0.00%
    +--------------------------------------------------+
[15/875] 12067 · QA · clean
    - raw_direct: nano
    - source_graph: nano
    - response_graph: nano
    - alignment + complete-error-clause projection: nano
    +---------------- CASE PERFORMANCE ----------------+
    Gold       spans=[none]
    Raw        P=100.00% R=100.00% F1=100.00% | detect=OK | spans=[none]
    DualGraph  P=100.00% R=100.00% F1=100.00% | detect=OK | spans=[none]
    Compiler   claims=6 | sentences=3 | claims/sentence=2.00 | whole-sentence nodes=1 | fragments=2 | refinement=YES/local_node_patch
    Case delta DualGraph-Raw = +0.00 pp | winner=TIE
    Running micro-F1 after 15 case(s): Raw=39.47% | DualGraph=0.00%
    +--------------------------------------------------+
[16/875] 15556 · QA · hallucinated
    - raw_direct: nano
    - source_graph: nano
    - response_graph: nano
    - alignment + complete-error-clause projection: nano
    +---------------- CASE PERFORMANCE ----------------+
    Gold       spans=[1431:1595] "* Pack appropriately for the season and activities you plan to do. Don't forget to brin..." (unsupported); [892:973] 'Some popular destinations include Berlin, Munich, Cologne, and the Bavarian Alps.' (unsupported)
    Raw        P= 39.27% R= 74.69% F1= 51.48% | detect=OK | spans=[248:255] 'customs' (unsupported); [610:617] 'customs' (unsupported); [707:749] 'German history, traditions, and daily life' (unsupported); [926:972] 'Berlin, Munich, Cologne, and the Bavarian Alps' (unsupported); [989:1084] 'best times to visit Germany, considering factors such as weather, festivals, and touris...' (unsupported); [1164:1180] 'vacation rentals' (unsupported); ... +5 more
    DualGraph  P= 54.40% R= 98.37% F1= 70.06% | detect=OK | spans=[892:973] 'Some popular destinations include Berlin, Munich, Cologne, and the Bavarian Alps.' (unsupported); [976:1085] 'Research the best times to visit Germany, considering factors such as weather, festival...' (unsupported); [1088:1181] 'Look into different types of accommodations, including hotels, hostels, and vacation re...' (unsupported); [1433:1497] 'Pack appropriately for the season and activities you plan to do.' (unsupported); [1498:1546] "Don't forget to bring comfortable walking shoes," (unsupported); [1547:1595] 'as many German cities are best explored on foot.' (unsupported)
    Compiler   claims=15 | sentences=25 | claims/sentence=0.60 | whole-sentence nodes=5 | fragments=0 | refinement=YES/local_node_patch
    Case delta DualGraph-Raw = +18.58 pp | winner=DUAL_GRAPH
    Running micro-F1 after 16 case(s): Raw=46.34% | DualGraph=52.00%
    +--------------------------------------------------+
[17/875] 16663 · QA · clean
    - raw_direct: nano
    - source_graph: nano
    - response_graph: nano
    - alignment + complete-error-clause projection: nano
    +---------------- CASE PERFORMANCE ----------------+
    Gold       spans=[none]
    Raw        P=  0.00% R=  0.00% F1=  0.00% | detect=MISS | spans=[213:226] 'work remotely' (unsupported)
    DualGraph  P=  0.00% R=  0.00% F1=  0.00% | detect=MISS | spans=[213:226] 'work remotely' (unsupported)
    Compiler   claims=5 | sentences=1 | claims/sentence=5.00 | whole-sentence nodes=0 | fragments=1 | refinement=YES/local_node_patch
    Case delta DualGraph-Raw = +0.00 pp | winner=TIE
    Running micro-F1 after 17 case(s): Raw=45.86% | DualGraph=51.28%
    +--------------------------------------------------+
[18/875] 12046 · QA · hallucinated
    - raw_direct: nano
    - source_graph: nano
    - response_graph: nano
    - alignment + complete-error-clause projection: nano
    +---------------- CASE PERFORMANCE ----------------+
    Gold       spans=[489:561] '7. Cook the Porterhouse until it reaches your desired level of doneness.' (unsupported)
    Raw        P= 41.72% R= 94.44% F1= 57.87% | detect=OK | spans=[492:560] 'Cook the Porterhouse until it reaches your desired level of doneness' (unsupported); [573:668] 'the passages do not provide specific temperature or time guidelines for cooking the Por...' (unsupported)
    DualGraph  P=  0.00% R=  0.00% F1=  0.00% | detect=MISS | spans=[none]
    Compiler   claims=8 | sentences=16 | claims/sentence=0.50 | whole-sentence nodes=0 | fragments=4 | refinement=YES/local_node_patch
    Case delta DualGraph-Raw = -57.87 pp | winner=RAW_DIRECT
    Running micro-F1 after 18 case(s): Raw=47.75% | DualGraph=47.63%
    +--------------------------------------------------+
[19/875] 15102 · QA · clean
    - raw_direct: nano
    - source_graph: nano
    - response_graph: nano
    - alignment + complete-error-clause projection: nano
    +---------------- CASE PERFORMANCE ----------------+
    Gold       spans=[none]
    Raw        P=  0.00% R=  0.00% F1=  0.00% | detect=MISS | spans=[36:77] 'first determine the extent of the tarnish' (unsupported)
    DualGraph  P=100.00% R=100.00% F1=100.00% | detect=OK | spans=[none]
    Compiler   claims=8 | sentences=8 | claims/sentence=1.00 | whole-sentence nodes=8 | fragments=3 | refinement=YES/local_node_patch
    Case delta DualGraph-Raw = +100.00 pp | winner=DUAL_GRAPH
    Running micro-F1 after 19 case(s): Raw=46.48% | DualGraph=47.63%
    +--------------------------------------------------+
[20/875] 14760 · QA · clean
    - raw_direct: nano
    - source_graph: nano
    - response_graph: nano
    - alignment + complete-error-clause projection: nano
    +---------------- CASE PERFORMANCE ----------------+
    Gold       spans=[none]
    Raw        P=  0.00% R=  0.00% F1=  0.00% | detect=MISS | spans=[168:206] 'The exact normal values are not stated' (unsupported)
    DualGraph  P=100.00% R=100.00% F1=100.00% | detect=OK | spans=[none]
    Compiler   claims=9 | sentences=4 | claims/sentence=2.25 | whole-sentence nodes=0 | fragments=1 | refinement=YES/local_node_patch
    Case delta DualGraph-Raw = +100.00 pp | winner=DUAL_GRAPH
    Running micro-F1 after 20 case(s): Raw=45.35% | DualGraph=47.63%
    +--------------------------------------------------+
[21/875] 13911 · QA · clean
    - raw_direct: nano
    - source_graph: nano
    - response_graph: nano
    - alignment + complete-error-clause projection: nano
    +---------------- CASE PERFORMANCE ----------------+
    Gold       spans=[none]
    Raw        P=  0.00% R=  0.00% F1=  0.00% | detect=MISS | spans=[127:167] 'immersive and engaging retail experience' (unsupported); [284:293] 'effective' (unsupported); [537:581] 'making the product interesting and appealing' (unsupported); [705:718] 'make them buy' (unsupported); [1128:1172] 'inviting and persuasive shopping environment' (unsupported)
    DualGraph  P=100.00% R=100.00% F1=100.00% | detect=OK | spans=[none]
    Compiler   claims=8 | sentences=8 | claims/sentence=1.00 | whole-sentence nodes=6 | fragments=1 | refinement=YES/local_node_patch
    Case delta DualGraph-Raw = +100.00 pp | winner=DUAL_GRAPH
    Running micro-F1 after 21 case(s): Raw=41.40% | DualGraph=47.63%
    +--------------------------------------------------+
[22/875] 15781 · QA · clean
    - raw_direct: nano
    - source_graph: nano
    - response_graph: nano
    - alignment + complete-error-clause projection: nano
    +---------------- CASE PERFORMANCE ----------------+
    Gold       spans=[none]
    Raw        P=100.00% R=100.00% F1=100.00% | detect=OK | spans=[none]
    DualGraph  P=100.00% R=100.00% F1=100.00% | detect=OK | spans=[none]
    Compiler   claims=2 | sentences=2 | claims/sentence=1.00 | whole-sentence nodes=1 | fragments=0 | refinement=NO/none
    Case delta DualGraph-Raw = +0.00 pp | winner=TIE
    Running micro-F1 after 22 case(s): Raw=41.40% | DualGraph=47.63%
    +--------------------------------------------------+
[23/875] 14380 · QA · clean
    - raw_direct: nano
    - source_graph: nano
    - response_graph: nano
    - alignment + complete-error-clause projection: nano
    +---------------- CASE PERFORMANCE ----------------+
    Gold       spans=[none]
    Raw        P=  0.00% R=  0.00% F1=  0.00% | detect=MISS | spans=[644:713] 'The passages do not mention the temperature at which to cook the ribs' (contradiction)
    DualGraph  P=  0.00% R=  0.00% F1=  0.00% | detect=MISS | spans=[644:713] 'The passages do not mention the temperature at which to cook the ribs' (contradiction)
    Compiler   claims=10 | sentences=11 | claims/sentence=0.91 | whole-sentence nodes=1 | fragments=5 | refinement=YES/local_node_patch
    Case delta DualGraph-Raw = +0.00 pp | winner=TIE
    Running micro-F1 after 23 case(s): Raw=39.80% | DualGraph=44.59%
    +--------------------------------------------------+
[24/875] 15464 · QA · clean
    - raw_direct: nano
    - source_graph: nano
    - response_graph: nano
    - alignment + complete-error-clause projection: nano
    +---------------- CASE PERFORMANCE ----------------+
    Gold       spans=[none]
    Raw        P=  0.00% R=  0.00% F1=  0.00% | detect=MISS | spans=[52:80] 'official website of the U.S.' (unsupported)
    DualGraph  P=100.00% R=100.00% F1=100.00% | detect=OK | spans=[none]
    Compiler   claims=6 | sentences=6 | claims/sentence=1.00 | whole-sentence nodes=1 | fragments=1 | refinement=YES/local_node_patch
    Case delta DualGraph-Raw = +100.00 pp | winner=DUAL_GRAPH
    Running micro-F1 after 24 case(s): Raw=39.19% | DualGraph=44.59%
    +--------------------------------------------------+
[25/875] 13293 · QA · hallucinated
    - raw_direct: nano
    - source_graph: nano
    - response_graph: nano
    - alignment + complete-error-clause projection: nano
    +---------------- CASE PERFORMANCE ----------------+
    Gold       spans=[217:252] 'accounting for around 70% of cases.' (unsupported)
    Raw        P= 37.36% R= 97.14% F1= 53.97% | detect=OK | spans=[217:251] 'accounting for around 70% of cases' (unsupported); [519:576] 'can increase the risk of developing necrotizing fasciitis' (unsupported)
    DualGraph  P= 37.36% R= 97.14% F1= 53.97% | detect=OK | spans=[217:251] 'accounting for around 70% of cases' (unsupported); [519:576] 'can increase the risk of developing necrotizing fasciitis' (unsupported)
    Compiler   claims=3 | sentences=8 | claims/sentence=0.38 | whole-sentence nodes=0 | fragments=0 | refinement=YES/local_node_patch
    Case delta DualGraph-Raw = +0.00 pp | winner=TIE
    Running micro-F1 after 25 case(s): Raw=40.14% | DualGraph=45.57%
    +--------------------------------------------------+
[26/875] 13914 · QA · clean
    - source_graph: cache hit
    - raw_direct: nano
    - response_graph: nano
    - alignment + complete-error-clause projection: nano
    +---------------- CASE PERFORMANCE ----------------+
    Gold       spans=[none]
    Raw        P=100.00% R=100.00% F1=100.00% | detect=OK | spans=[none]
    DualGraph  P=100.00% R=100.00% F1=100.00% | detect=OK | spans=[none]
    Compiler   claims=8 | sentences=4 | claims/sentence=2.00 | whole-sentence nodes=0 | fragments=1 | refinement=YES/local_node_patch
    Case delta DualGraph-Raw = +0.00 pp | winner=TIE
    Running micro-F1 after 26 case(s): Raw=40.14% | DualGraph=45.57%
    +--------------------------------------------------+
[27/875] 14290 · QA · hallucinated
    - raw_direct: nano
    - source_graph: nano
    - response_graph: nano
    - alignment + complete-error-clause projection: nano
    +---------------- CASE PERFORMANCE ----------------+
    Gold       spans=[470:487] 'at 1-800-829-1954' (unsupported)
    Raw        P= 37.84% R= 82.35% F1= 51.85% | detect=OK | spans=[297:320] 'through the IRS website' (unsupported); [473:487] '1-800-829-1954' (unsupported)
    DualGraph  P= 21.79% R=100.00% F1= 35.79% | detect=OK | spans=[449:527] 'You can call the IRS at 1-800-829-1954 to check the status of your tax return.' (unsupported)
    Compiler   claims=13 | sentences=16 | claims/sentence=0.81 | whole-sentence nodes=6 | fragments=2 | refinement=YES/local_node_patch
    Case delta DualGraph-Raw = -16.06 pp | winner=RAW_DIRECT
    Running micro-F1 after 27 case(s): Raw=40.46% | DualGraph=44.85%
    +--------------------------------------------------+
[28/875] 14512 · QA · clean
    - source_graph: cache hit
    - raw_direct: nano
    - response_graph: nano
    - alignment + complete-error-clause projection: nano
    +---------------- CASE PERFORMANCE ----------------+
    Gold       spans=[none]
    Raw        P=  0.00% R=  0.00% F1=  0.00% | detect=MISS | spans=[552:608] 'a broader term that encompasses various types of attacks' (unsupported)
    DualGraph  P=100.00% R=100.00% F1=100.00% | detect=OK | spans=[none]
    Compiler   claims=5 | sentences=4 | claims/sentence=1.25 | whole-sentence nodes=1 | fragments=1 | refinement=YES/local_node_patch
    Case delta DualGraph-Raw = +100.00 pp | winner=DUAL_GRAPH
    Running micro-F1 after 28 case(s): Raw=39.36% | DualGraph=44.85%
    +--------------------------------------------------+
[29/875] 17253 · QA · clean
    - raw_direct: nano
    - source_graph: nano
    - response_graph: nano
    - alignment + complete-error-clause projection: nano
    +---------------- CASE PERFORMANCE ----------------+
    Gold       spans=[none]
    Raw        P=  0.00% R=  0.00% F1=  0.00% | detect=MISS | spans=[631:700] 'designing and building structures with water, such as bridges or dams' (unsupported); [814:851] 'such as buoyancy, volume, and density' (unsupported); [866:907] 'Unable to answer based on given passages.' (unsupported)
    DualGraph  P=  0.00% R=  0.00% F1=  0.00% | detect=MISS | spans=[797:851] 'science concepts such as buoyancy, volume, and density' (unsupported)
    Compiler   claims=8 | sentences=17 | claims/sentence=0.47 | whole-sentence nodes=1 | fragments=1 | refinement=YES/local_node_patch
    Case delta DualGraph-Raw = +0.00 pp | winner=TIE
    Running micro-F1 after 29 case(s): Raw=36.73% | DualGraph=43.07%
    +--------------------------------------------------+
[30/875] 15905 · QA · clean
    - raw_direct: nano
    - source_graph: nano
    - response_graph: nano
    - alignment + complete-error-clause projection: nano
    +---------------- CASE PERFORMANCE ----------------+
    Gold       spans=[none]
    Raw        P=  0.00% R=  0.00% F1=  0.00% | detect=MISS | spans=[205:282] 'three layers of a semiconductor material with different electrical properties' (unsupported); [339:368] 'connected to a voltage source' (unsupported); [378:446] 'collector and emitter are connected to the input and output circuits' (unsupported); [469:482] 'small voltage' (unsupported)
    DualGraph  P=  0.00% R=  0.00% F1=  0.00% | detect=MISS | spans=[190:326] 'It consists of three layers of a semiconductor material with different electrical prope...' (unsupported)
    Compiler   claims=6 | sentences=9 | claims/sentence=0.67 | whole-sentence nodes=4 | fragments=1 | refinement=YES/local_node_patch
    Case delta DualGraph-Raw = +0.00 pp | winner=TIE
    Running micro-F1 after 30 case(s): Raw=33.85% | DualGraph=39.14%
    +--------------------------------------------------+
[31/875] 17235 · QA · clean
    - raw_direct: nano
    - source_graph: nano
    - response_graph: nano
    - alignment + complete-error-clause projection: nano
    +---------------- CASE PERFORMANCE ----------------+
    Gold       spans=[none]
    Raw        P=  0.00% R=  0.00% F1=  0.00% | detect=MISS | spans=[1155:1163] 'less icy' (contradiction); [1222:1239] 'double the recipe' (contradiction)
    DualGraph  P=100.00% R=100.00% F1=100.00% | detect=OK | spans=[none]
    Compiler   claims=12 | sentences=30 | claims/sentence=0.40 | whole-sentence nodes=0 | fragments=4 | refinement=YES/local_node_patch
    Case delta DualGraph-Raw = +100.00 pp | winner=DUAL_GRAPH
    Running micro-F1 after 31 case(s): Raw=33.50% | DualGraph=39.14%
    +--------------------------------------------------+
[32/875] 12600 · QA · clean
    - source_graph: cache hit
    - raw_direct: nano
    - response_graph: nano
    - alignment + complete-error-clause projection: nano
    +---------------- CASE PERFORMANCE ----------------+
    Gold       spans=[none]
    Raw        P=100.00% R=100.00% F1=100.00% | detect=OK | spans=[none]
    DualGraph  P=100.00% R=100.00% F1=100.00% | detect=OK | spans=[none]
    Compiler   claims=6 | sentences=2 | claims/sentence=3.00 | whole-sentence nodes=1 | fragments=1 | refinement=YES/local_node_patch
    Case delta DualGraph-Raw = +0.00 pp | winner=TIE
    Running micro-F1 after 32 case(s): Raw=33.50% | DualGraph=39.14%
    +--------------------------------------------------+
[33/875] 12444 · QA · clean
    - raw_direct: nano
    - source_graph: nano
    - response_graph: nano
    - alignment + complete-error-clause projection: nano
    +---------------- CASE PERFORMANCE ----------------+
    Gold       spans=[none]
    Raw        P=100.00% R=100.00% F1=100.00% | detect=OK | spans=[none]
    DualGraph  P=100.00% R=100.00% F1=100.00% | detect=OK | spans=[none]
    Compiler   claims=7 | sentences=6 | claims/sentence=1.17 | whole-sentence nodes=4 | fragments=0 | refinement=NO/none
    Case delta DualGraph-Raw = +0.00 pp | winner=TIE
    Running micro-F1 after 33 case(s): Raw=33.50% | DualGraph=39.14%
    +--------------------------------------------------+
[34/875] 15344 · QA · clean
    - raw_direct: nano
    - source_graph: nano
    - response_graph: nano
    - alignment + complete-error-clause projection: nano
    +---------------- CASE PERFORMANCE ----------------+
    Gold       spans=[none]
    Raw        P=100.00% R=100.00% F1=100.00% | detect=OK | spans=[none]
    DualGraph  P=100.00% R=100.00% F1=100.00% | detect=OK | spans=[none]
    Compiler   claims=5 | sentences=3 | claims/sentence=1.67 | whole-sentence nodes=0 | fragments=0 | refinement=YES/local_node_patch
    Case delta DualGraph-Raw = +0.00 pp | winner=TIE
    Running micro-F1 after 34 case(s): Raw=33.50% | DualGraph=39.14%
    +--------------------------------------------------+
[35/875] 15900 · QA · clean
    - source_graph: cache hit
    - raw_direct: nano
    - response_graph: nano
    - alignment + complete-error-clause projection: nano
    +---------------- CASE PERFORMANCE ----------------+
    Gold       spans=[none]
    Raw        P=100.00% R=100.00% F1=100.00% | detect=OK | spans=[none]
    DualGraph  P=100.00% R=100.00% F1=100.00% | detect=OK | spans=[none]
    Compiler   claims=7 | sentences=7 | claims/sentence=1.00 | whole-sentence nodes=5 | fragments=1 | refinement=YES/local_node_patch
    Case delta DualGraph-Raw = +0.00 pp | winner=TIE
    Running micro-F1 after 35 case(s): Raw=33.50% | DualGraph=39.14%
    +--------------------------------------------------+
[36/875] 16895 · QA · hallucinated
    - raw_direct: nano
    - source_graph: nano
    - response_graph: nano
    - alignment + complete-error-clause projection: nano
    +---------------- CASE PERFORMANCE ----------------+
    Gold       spans=[140:196] 'a darker yellow or amber color can indicate dehydration.' (unsupported); [499:646] 'However, any persistent or significant changes in urine color should be evaluated by a ...' (unsupported)
    Raw        P=100.00% R= 17.73% F1= 30.13% | detect=OK | spans=[159:195] 'amber color can indicate dehydration' (unsupported)
    DualGraph  P=100.00% R= 27.59% F1= 43.24% | detect=OK | spans=[140:196] 'a darker yellow or amber color can indicate dehydration.' (unsupported)
    Compiler   claims=9 | sentences=6 | claims/sentence=1.50 | whole-sentence nodes=3 | fragments=0 | refinement=YES/local_node_patch
    Case delta DualGraph-Raw = +13.12 pp | winner=DUAL_GRAPH
    Running micro-F1 after 36 case(s): Raw=33.20% | DualGraph=39.75%
    +--------------------------------------------------+
[37/875] 14094 · QA · clean
    - source_graph: cache hit
    - raw_direct: nano
    - response_graph: nano
    - alignment + complete-error-clause projection: nano
    +---------------- CASE PERFORMANCE ----------------+
    Gold       spans=[none]
    Raw        P=100.00% R=100.00% F1=100.00% | detect=OK | spans=[none]
    DualGraph  P=100.00% R=100.00% F1=100.00% | detect=OK | spans=[none]
    Compiler   claims=11 | sentences=10 | claims/sentence=1.10 | whole-sentence nodes=6 | fragments=4 | refinement=YES/local_node_patch
    Case delta DualGraph-Raw = +0.00 pp | winner=TIE
    Running micro-F1 after 37 case(s): Raw=33.20% | DualGraph=39.75%
    +--------------------------------------------------+
[38/875] 14396 · QA · hallucinated
    - raw_direct: nano
    - source_graph: nano
    - response_graph: nano
    - alignment + complete-error-clause projection: nano
    - catch saved: dual_material_uplift → catch_candidates/cases/14396.json
    +---------------- CASE PERFORMANCE ----------------+
    Gold       spans=[72:213] 'According to the given passages, changes in body weight after a bowel movement are typi...' (unsupported)
    Raw        P=100.00% R= 18.44% F1= 31.14% | detect=OK | spans=[172:198] 'water and electrolyte loss' (unsupported)
    DualGraph  P=100.00% R= 40.43% F1= 57.58% | detect=OK | spans=[155:212] 'typically due to water and electrolyte loss, not fat loss' (unsupported)
    Compiler   claims=3 | sentences=3 | claims/sentence=1.00 | whole-sentence nodes=2 | fragments=0 | refinement=NO/none
    Case delta DualGraph-Raw = +26.44 pp | winner=DUAL_GRAPH
    Running micro-F1 after 38 case(s): Raw=33.07% | DualGraph=41.56%
    +--------------------------------------------------+
[39/875] 17105 · QA · hallucinated
    - raw_direct: nano
    - source_graph: nano
    - response_graph: nano
    - alignment + complete-error-clause projection: nano
    +---------------- CASE PERFORMANCE ----------------+
    Gold       spans=[1002:1042] 'include Twilio, Vonage, and RingCentral.' (unsupported); [320:332] 'Google Voice' (unsupported); [320:332] 'Google Voice' (unsupported); [320:332] 'Google Voice' (unsupported)
    Raw        P= 68.25% R= 82.69% F1= 74.78% | detect=OK | spans=[157:169] 'Google Voice' (unsupported); [320:340] 'Google Voice website' (unsupported); [1010:1041] 'Twilio, Vonage, and RingCentral' (unsupported)
    DualGraph  P= 42.16% R= 82.69% F1= 55.84% | detect=OK | spans=[248:260] 'Google Voice' (unsupported); [307:366] 'visiting the Google Voice website and following the prompts' (unsupported); [1010:1041] 'Twilio, Vonage, and RingCentral' (unsupported)
    Compiler   claims=12 | sentences=14 | claims/sentence=0.86 | whole-sentence nodes=5 | fragments=1 | refinement=YES/local_node_patch
    Case delta DualGraph-Raw = -18.94 pp | winner=RAW_DIRECT
    Running micro-F1 after 39 case(s): Raw=34.71% | DualGraph=42.61%
    +--------------------------------------------------+
[40/875] 16456 · QA · clean
    - raw_direct: nano
    - source_graph: nano
    - response_graph: nano
    - alignment + complete-error-clause projection: nano
    +---------------- CASE PERFORMANCE ----------------+
    Gold       spans=[none]
    Raw        P=100.00% R=100.00% F1=100.00% | detect=OK | spans=[none]
    DualGraph  P=100.00% R=100.00% F1=100.00% | detect=OK | spans=[none]
    Compiler   claims=4 | sentences=2 | claims/sentence=2.00 | whole-sentence nodes=0 | fragments=2 | refinement=YES/local_node_patch
    Case delta DualGraph-Raw = +0.00 pp | winner=TIE
    Running micro-F1 after 40 case(s): Raw=34.71% | DualGraph=42.61%
    +--------------------------------------------------+
[41/875] 14818 · QA · clean
    - raw_direct: nano
    - source_graph: nano
    - response_graph: nano
    - alignment + complete-error-clause projection: nano
    +---------------- CASE PERFORMANCE ----------------+
    Gold       spans=[none]
    Raw        P=100.00% R=100.00% F1=100.00% | detect=OK | spans=[none]
    DualGraph  P=100.00% R=100.00% F1=100.00% | detect=OK | spans=[none]
    Compiler   claims=6 | sentences=11 | claims/sentence=0.55 | whole-sentence nodes=5 | fragments=1 | refinement=YES/local_node_patch
    Case delta DualGraph-Raw = +0.00 pp | winner=TIE
    Running micro-F1 after 41 case(s): Raw=34.71% | DualGraph=42.61%
    +--------------------------------------------------+
[42/875] 12228 · QA · clean
    - raw_direct: nano
    - source_graph: nano
    - response_graph: nano
    - alignment + complete-error-clause projection: nano
    +---------------- CASE PERFORMANCE ----------------+
    Gold       spans=[none]
    Raw        P=  0.00% R=  0.00% F1=  0.00% | detect=MISS | spans=[324:367] 'easier and leave your mouth feeling cleaner' (unsupported)
    DualGraph  P=100.00% R=100.00% F1=100.00% | detect=OK | spans=[none]
    Compiler   claims=7 | sentences=6 | claims/sentence=1.17 | whole-sentence nodes=5 | fragments=0 | refinement=NO/none
    Case delta DualGraph-Raw = +100.00 pp | winner=DUAL_GRAPH
    Running micro-F1 after 42 case(s): Raw=34.21% | DualGraph=42.61%
    +--------------------------------------------------+
[43/875] 16146 · QA · clean
    - raw_direct: nano
    - source_graph: nano
    - response_graph: nano
    - alignment + complete-error-clause projection: nano
    +---------------- CASE PERFORMANCE ----------------+
    Gold       spans=[none]
    Raw        P=100.00% R=100.00% F1=100.00% | detect=OK | spans=[none]
    DualGraph  P=  0.00% R=  0.00% F1=  0.00% | detect=MISS | spans=[86:109] 'water might stain them.' (unsupported)
    Compiler   claims=9 | sentences=5 | claims/sentence=1.80 | whole-sentence nodes=2 | fragments=1 | refinement=YES/local_node_patch
    Case delta DualGraph-Raw = -100.00 pp | winner=RAW_DIRECT
    Running micro-F1 after 43 case(s): Raw=34.21% | DualGraph=42.14%
    +--------------------------------------------------+
[44/875] 15935 · QA · clean
    - raw_direct: nano
    - source_graph: nano
    - response_graph: nano
    - alignment + complete-error-clause projection: nano
    +---------------- CASE PERFORMANCE ----------------+
    Gold       spans=[none]
    Raw        P=  0.00% R=  0.00% F1=  0.00% | detect=MISS | spans=[29:132] 'global egalitarianism refers to the idea that equality should be a guiding principle fo...' (unsupported); [134:239] 'aiming to address the striking socio-economic inequalities that exist across different ...' (unsupported)
    DualGraph  P=  0.00% R=  0.00% F1=  0.00% | detect=MISS | spans=[459:532] 'equality of opportunity represents a workable principle of global justice' (contradiction)
    Compiler   claims=6 | sentences=3 | claims/sentence=2.00 | whole-sentence nodes=0 | fragments=2 | refinement=YES/local_node_patch
    Case delta DualGraph-Raw = +0.00 pp | winner=TIE
    Running micro-F1 after 44 case(s): Raw=31.97% | DualGraph=40.75%
    +--------------------------------------------------+
[45/875] 15731 · QA · clean
    - raw_direct: nano
    - source_graph: nano
    - response_graph: nano
    - alignment + complete-error-clause projection: nano
    +---------------- CASE PERFORMANCE ----------------+
    Gold       spans=[none]
    Raw        P=  0.00% R=  0.00% F1=  0.00% | detect=MISS | spans=[64:83] 'is a game of chance' (unsupported); [115:135] 'with a unique number' (unsupported); [181:211] 'winning ticket drawn at random' (unsupported); [772:783] 'often going' (unsupported)
    DualGraph  P=100.00% R=100.00% F1=100.00% | detect=OK | spans=[none]
    Compiler   claims=15 | sentences=5 | claims/sentence=3.00 | whole-sentence nodes=0 | fragments=6 | refinement=YES/local_node_patch
    Case delta DualGraph-Raw = +100.00 pp | winner=DUAL_GRAPH
    Running micro-F1 after 45 case(s): Raw=31.19% | DualGraph=40.75%
    +--------------------------------------------------+
[46/875] 12344 · QA · clean
    - raw_direct: nano
    - source_graph: nano
    - response_graph: nano
    - alignment + complete-error-clause projection: nano
    +---------------- CASE PERFORMANCE ----------------+
    Gold       spans=[none]
    Raw        P=100.00% R=100.00% F1=100.00% | detect=OK | spans=[none]
    DualGraph  P=100.00% R=100.00% F1=100.00% | detect=OK | spans=[none]
    Compiler   claims=8 | sentences=15 | claims/sentence=0.53 | whole-sentence nodes=8 | fragments=5 | refinement=YES/local_node_patch
    Case delta DualGraph-Raw = +0.00 pp | winner=TIE
    Running micro-F1 after 46 case(s): Raw=31.19% | DualGraph=40.75%
    +--------------------------------------------------+
[47/875] 16901 · QA · clean
    - raw_direct: nano
    - source_graph: nano
    - response_graph: nano
    - alignment + complete-error-clause projection: nano
    +---------------- CASE PERFORMANCE ----------------+
    Gold       spans=[none]
    Raw        P=100.00% R=100.00% F1=100.00% | detect=OK | spans=[none]
    DualGraph  P=100.00% R=100.00% F1=100.00% | detect=OK | spans=[none]
    Compiler   claims=19 | sentences=34 | claims/sentence=0.56 | whole-sentence nodes=13 | fragments=13 | refinement=YES/local_node_patch
    Case delta DualGraph-Raw = +0.00 pp | winner=TIE
    Running micro-F1 after 47 case(s): Raw=31.19% | DualGraph=40.75%
    +--------------------------------------------------+
[48/875] 16154 · QA · clean
    - raw_direct: nano
    - source_graph: nano
    - response_graph: nano
    - alignment + complete-error-clause projection: nano
    +---------------- CASE PERFORMANCE ----------------+
    Gold       spans=[none]
    Raw        P=  0.00% R=  0.00% F1=  0.00% | detect=MISS | spans=[16:51] '"winning the majority of delegates"' (unsupported); [265:298] 'winning the majority of delegates' (unsupported); [475:518] 'rather than simply winning the popular vote' (unsupported)
    DualGraph  P=  0.00% R=  0.00% F1=  0.00% | detect=MISS | spans=[0:125] 'Republicans use "winning the majority of delegates" to allocate delegates in their pres...' (unsupported)
    Compiler   claims=6 | sentences=3 | claims/sentence=2.00 | whole-sentence nodes=1 | fragments=1 | refinement=YES/local_node_patch
    Case delta DualGraph-Raw = +0.00 pp | winner=TIE
    Running micro-F1 after 48 case(s): Raw=30.16% | DualGraph=38.55%
    +--------------------------------------------------+
[49/875] 16057 · QA · clean
    - raw_direct: nano
    - source_graph: nano
    - response_graph: nano
    - alignment + complete-error-clause projection: nano
    +---------------- CASE PERFORMANCE ----------------+
    Gold       spans=[none]
    Raw        P=  0.00% R=  0.00% F1=  0.00% | detect=MISS | spans=[113:162] 'does not provide information on other skill moves' (unsupported); [166:207] 'Unable to answer based on given passages.' (unsupported)
    DualGraph  P=100.00% R=100.00% F1=100.00% | detect=OK | spans=[none]
    Compiler   claims=2 | sentences=3 | claims/sentence=0.67 | whole-sentence nodes=2 | fragments=0 | refinement=YES/local_node_patch
    Case delta DualGraph-Raw = +100.00 pp | winner=DUAL_GRAPH
    Running micro-F1 after 49 case(s): Raw=29.38% | DualGraph=38.55%
    +--------------------------------------------------+
[50/875] 13363 · QA · hallucinated
    - raw_direct: nano
    - source_graph: nano
    - response_graph: nano
    - alignment + complete-error-clause projection: nano
    +---------------- CASE PERFORMANCE ----------------+
    Gold       spans=[729:795] '10. Make sure to dry them completely to avoid any stains or spots.' (unsupported)
    Raw        P= 68.18% R= 90.91% F1= 77.92% | detect=OK | spans=[533:561] 'Gently scrub the glass again' (unsupported); [733:765] 'Make sure to dry them completely' (unsupported); [766:794] 'to avoid any stains or spots' (unsupported)
    DualGraph  P=  0.00% R=  0.00% F1=  0.00% | detect=MISS | spans=[none]
    Compiler   claims=11 | sentences=21 | claims/sentence=0.52 | whole-sentence nodes=9 | fragments=7 | refinement=YES/local_node_patch
    Case delta DualGraph-Raw = -77.92 pp | winner=RAW_DIRECT
    Running micro-F1 after 50 case(s): Raw=31.45% | DualGraph=37.49%
    +--------------------------------------------------+
[51/875] 13535 · QA · clean
    - raw_direct: nano
    - source_graph: nano
    - response_graph: nano
    - alignment + complete-error-clause projection: nano
    +---------------- CASE PERFORMANCE ----------------+
    Gold       spans=[none]
    Raw        P=  0.00% R=  0.00% F1=  0.00% | detect=MISS | spans=[126:164] 'applies to all employers in California' (unsupported); [262:293] 'does not cover public employers' (unsupported); [376:394] 'mental or physical' (contradiction)
    DualGraph  P=  0.00% R=  0.00% F1=  0.00% | detect=MISS | spans=[121:194] 'FEHA applies to all employers in California, regardless of size or sector' (unsupported); [354:433] 'requiring only that a mental or physical disability limit a major life activity' (unsupported)
    Compiler   claims=4 | sentences=3 | claims/sentence=1.33 | whole-sentence nodes=0 | fragments=2 | refinement=YES/local_node_patch
    Case delta DualGraph-Raw = +0.00 pp | winner=TIE
    Running micro-F1 after 51 case(s): Raw=30.71% | DualGraph=35.25%
    +--------------------------------------------------+
[52/875] 12690 · QA · clean
    - raw_direct: nano
    - source_graph: nano
    - response_graph: nano
    - alignment + complete-error-clause projection: nano
    +---------------- CASE PERFORMANCE ----------------+
    Gold       spans=[none]
    Raw        P=100.00% R=100.00% F1=100.00% | detect=OK | spans=[none]
    DualGraph  P=100.00% R=100.00% F1=100.00% | detect=OK | spans=[none]
    Compiler   claims=10 | sentences=7 | claims/sentence=1.43 | whole-sentence nodes=4 | fragments=2 | refinement=YES/local_node_patch
    Case delta DualGraph-Raw = +0.00 pp | winner=TIE
    Running micro-F1 after 52 case(s): Raw=30.71% | DualGraph=35.25%
    +--------------------------------------------------+
[53/875] 15785 · QA · clean
    - source_graph: cache hit
    - raw_direct: nano
    - response_graph: nano
    - alignment + complete-error-clause projection: nano
    +---------------- CASE PERFORMANCE ----------------+
    Gold       spans=[none]
    Raw        P=100.00% R=100.00% F1=100.00% | detect=OK | spans=[none]
    DualGraph  P=100.00% R=100.00% F1=100.00% | detect=OK | spans=[none]
    Compiler   claims=2 | sentences=1 | claims/sentence=2.00 | whole-sentence nodes=0 | fragments=0 | refinement=YES/local_node_patch
    Case delta DualGraph-Raw = +0.00 pp | winner=TIE
    Running micro-F1 after 53 case(s): Raw=30.71% | DualGraph=35.25%
    +--------------------------------------------------+
[54/875] 12440 · QA · clean
    - raw_direct: nano
    - source_graph: nano
    - response_graph: nano
    - alignment + complete-error-clause projection: nano
    +---------------- CASE PERFORMANCE ----------------+
    Gold       spans=[none]
    Raw        P=100.00% R=100.00% F1=100.00% | detect=OK | spans=[none]
    DualGraph  P=100.00% R=100.00% F1=100.00% | detect=OK | spans=[none]
    Compiler   claims=11 | sentences=14 | claims/sentence=0.79 | whole-sentence nodes=5 | fragments=5 | refinement=YES/local_node_patch
    Case delta DualGraph-Raw = +0.00 pp | winner=TIE
    Running micro-F1 after 54 case(s): Raw=30.71% | DualGraph=35.25%
    +--------------------------------------------------+
[55/875] 12066 · QA · clean
    - source_graph: cache hit
    - raw_direct: nano
    - response_graph: nano
    - alignment + complete-error-clause projection: nano
    +---------------- CASE PERFORMANCE ----------------+
    Gold       spans=[none]
    Raw        P=  0.00% R=  0.00% F1=  0.00% | detect=MISS | spans=[21:68] 'is the Behavioral Health Services Administrator' (unsupported)
    DualGraph  P=100.00% R=100.00% F1=100.00% | detect=OK | spans=[none]
    Compiler   claims=5 | sentences=6 | claims/sentence=0.83 | whole-sentence nodes=3 | fragments=1 | refinement=YES/local_node_patch
    Case delta DualGraph-Raw = +100.00 pp | winner=DUAL_GRAPH
    Running micro-F1 after 55 case(s): Raw=30.32% | DualGraph=35.25%
    +--------------------------------------------------+
[56/875] 16794 · QA · clean
    - raw_direct: nano
    - source_graph: nano
    - response_graph: nano
    - alignment + complete-error-clause projection: nano
    +---------------- CASE PERFORMANCE ----------------+
    Gold       spans=[none]
    Raw        P=100.00% R=100.00% F1=100.00% | detect=OK | spans=[none]
    DualGraph  P=100.00% R=100.00% F1=100.00% | detect=OK | spans=[none]
    Compiler   claims=8 | sentences=5 | claims/sentence=1.60 | whole-sentence nodes=1 | fragments=2 | refinement=YES/local_node_patch
    Case delta DualGraph-Raw = +0.00 pp | winner=TIE
    Running micro-F1 after 56 case(s): Raw=30.32% | DualGraph=35.25%
    +--------------------------------------------------+
[57/875] 15790 · QA · clean
    - raw_direct: nano
    - source_graph: nano
    - response_graph: nano
    - alignment + complete-error-clause projection: nano
    +---------------- CASE PERFORMANCE ----------------+
    Gold       spans=[none]
    Raw        P=  0.00% R=  0.00% F1=  0.00% | detect=MISS | spans=[66:88] 'people born in October' (unsupported); [424:526] 'there is no information about specific personality traits or characteristics of people ...' (contradiction)
    DualGraph  P=  0.00% R=  0.00% F1=  0.00% | detect=MISS | spans=[424:527] 'there is no information about specific personality traits or characteristics of people ...' (contradiction)
    Compiler   claims=9 | sentences=8 | claims/sentence=1.12 | whole-sentence nodes=0 | fragments=3 | refinement=YES/local_node_patch
    Case delta DualGraph-Raw = +0.00 pp | winner=TIE
    Running micro-F1 after 57 case(s): Raw=29.35% | DualGraph=33.88%
    +--------------------------------------------------+
[58/875] 15209 · QA · clean
    - raw_direct: nano
    - source_graph: nano
    - response_graph: nano
    - alignment + complete-error-clause projection: nano
    +---------------- CASE PERFORMANCE ----------------+
    Gold       spans=[none]
    Raw        P=  0.00% R=  0.00% F1=  0.00% | detect=MISS | spans=[516:538] 'particularly egregious' (unsupported); [798:843] 'violation of their rights as British subjects' (unsupported); [913:946] 'widespread outrage and resistance' (unsupported); [1035:1058] 'the American Revolution' (unsupported)
    DualGraph  P=  0.00% R=  0.00% F1=  0.00% | detect=MISS | spans=[725:844] 'The colonists felt that this was an overreach of British authority and a violation of t...' (unsupported); [968:1058] 'contributing to the growing tensions that would eventually lead to the American Revolution' (unsupported)
    Compiler   claims=11 | sentences=6 | claims/sentence=1.83 | whole-sentence nodes=0 | fragments=0 | refinement=YES/local_node_patch
    Case delta DualGraph-Raw = +0.00 pp | winner=TIE
    Running micro-F1 after 58 case(s): Raw=28.45% | DualGraph=31.39%
    +--------------------------------------------------+
[59/875] 12904 · QA · clean
    - raw_direct: nano
    - source_graph: nano
    - response_graph: nano
    - alignment + complete-error-clause projection: nano
    +---------------- CASE PERFORMANCE ----------------+
    Gold       spans=[none]
    Raw        P=  0.00% R=  0.00% F1=  0.00% | detect=MISS | spans=[44:48] 'bake' (contradiction); [555:647] 'do not worry if the eggs are not perfectly symmetrical or have a slightly greenish-gray...' (unsupported)
    DualGraph  P=  0.00% R=  0.00% F1=  0.00% | detect=MISS | spans=[568:609] 'if the eggs are not perfectly symmetrical' (unsupported)
    Compiler   claims=11 | sentences=10 | claims/sentence=1.10 | whole-sentence nodes=3 | fragments=5 | refinement=YES/local_node_patch
    Case delta DualGraph-Raw = +0.00 pp | winner=TIE
    Running micro-F1 after 59 case(s): Raw=27.78% | DualGraph=30.95%
    +--------------------------------------------------+
[60/875] 13107 · QA · hallucinated
    - raw_direct: nano
    - source_graph: nano
    - response_graph: nano
    - alignment + complete-error-clause projection: nano
    +---------------- CASE PERFORMANCE ----------------+
    Gold       spans=[1232:1272] 'x-axis (categories) and y-axis (values).' (unsupported)
    Raw        P= 12.57% R= 57.50% F1= 20.63% | detect=OK | spans=[492:526] 'either a bar graph or a line graph' (unsupported); [591:647] 'line graph is better suited for showing trends over time' (unsupported); [1225:1255] 'on the x-axis (categories) and' (unsupported); [1068:1090] 'lines are proportional' (unsupported); [1816:1857] 'Unable to answer based on given passages.' (unsupported)
    DualGraph  P=  0.00% R=  0.00% F1=  0.00% | detect=OK | spans=[589:648] 'a line graph is better suited for showing trends over time.' (unsupported)
    Compiler   claims=18 | sentences=24 | claims/sentence=0.75 | whole-sentence nodes=7 | fragments=2 | refinement=YES/local_node_patch
    Case delta DualGraph-Raw = -20.63 pp | winner=RAW_DIRECT
    Running micro-F1 after 60 case(s): Raw=27.41% | DualGraph=29.93%
    +--------------------------------------------------+
[61/875] 14467 · QA · clean
    - raw_direct: nano
    - source_graph: nano
    - response_graph: nano
    - alignment + complete-error-clause projection: nano
    +---------------- CASE PERFORMANCE ----------------+
    Gold       spans=[none]
    Raw        P=100.00% R=100.00% F1=100.00% | detect=OK | spans=[none]
    DualGraph  P=100.00% R=100.00% F1=100.00% | detect=OK | spans=[none]
    Compiler   claims=8 | sentences=3 | claims/sentence=2.67 | whole-sentence nodes=0 | fragments=0 | refinement=YES/local_node_patch
    Case delta DualGraph-Raw = +0.00 pp | winner=TIE
    Running micro-F1 after 61 case(s): Raw=27.41% | DualGraph=29.93%
    +--------------------------------------------------+
[62/875] 12042 · QA · clean
    - source_graph: cache hit
    - raw_direct: nano
    - response_graph: nano
    - alignment + complete-error-clause projection: nano
    +---------------- CASE PERFORMANCE ----------------+
    Gold       spans=[none]
    Raw        P=100.00% R=100.00% F1=100.00% | detect=OK | spans=[none]
    DualGraph  P=100.00% R=100.00% F1=100.00% | detect=OK | spans=[none]
    Compiler   claims=6 | sentences=6 | claims/sentence=1.00 | whole-sentence nodes=5 | fragments=1 | refinement=YES/local_node_patch
    Case delta DualGraph-Raw = +0.00 pp | winner=TIE
    Running micro-F1 after 62 case(s): Raw=27.41% | DualGraph=29.93%
    +--------------------------------------------------+
[63/875] 13211 · QA · clean
    - raw_direct: nano
    - source_graph: nano
    - response_graph: nano
    - alignment + complete-error-clause projection: nano
    +---------------- CASE PERFORMANCE ----------------+
    Gold       spans=[none]
    Raw        P=100.00% R=100.00% F1=100.00% | detect=OK | spans=[none]
    DualGraph  P=  0.00% R=  0.00% F1=  0.00% | detect=MISS | spans=[413:492] 'chicken breast will always come out tender as long as there is enough moisture,' (unsupported)
    Compiler   claims=4 | sentences=6 | claims/sentence=0.67 | whole-sentence nodes=2 | fragments=1 | refinement=YES/local_node_patch
    Case delta DualGraph-Raw = -100.00 pp | winner=RAW_DIRECT
    Running micro-F1 after 63 case(s): Raw=27.41% | DualGraph=29.16%
    +--------------------------------------------------+
[64/875] 13043 · QA · clean
    - source_graph: cache hit
    - raw_direct: nano
    - response_graph: nano
    - alignment + complete-error-clause projection: nano
    +---------------- CASE PERFORMANCE ----------------+
    Gold       spans=[none]
    Raw        P=  0.00% R=  0.00% F1=  0.00% | detect=MISS | spans=[418:429] 'Scroll down' (unsupported); [999:1010] 'Scroll down' (unsupported)
    DualGraph  P=  0.00% R=  0.00% F1=  0.00% | detect=MISS | spans=[521:579] 'Tap Erase everything to confirm the factory reset process.' (unsupported)
    Compiler   claims=7 | sentences=26 | claims/sentence=0.27 | whole-sentence nodes=5 | fragments=1 | refinement=YES/local_node_patch
    Case delta DualGraph-Raw = +0.00 pp | winner=TIE
    Running micro-F1 after 64 case(s): Raw=27.27% | DualGraph=28.62%
    +--------------------------------------------------+
[65/875] 16851 · QA · hallucinated
    - raw_direct: nano
    - source_graph: nano
    - response_graph: nano
    - alignment + complete-error-clause projection: nano
    +---------------- CASE PERFORMANCE ----------------+
    Gold       spans=[325:436] '2. Structure: RBCs are round and flexible, while WBCs are irregular in shape and have a...' (unsupported); [550:575] 'at a lower rate than RBCs' (unsupported)
    Raw        P= 96.12% R= 72.79% F1= 82.85% | detect=OK | spans=[344:366] 'are round and flexible' (unsupported); [383:435] 'irregular in shape and have a more complex structure' (unsupported); [546:575] 'but at a lower rate than RBCs' (unsupported)
    DualGraph  P=  0.00% R=  0.00% F1=  0.00% | detect=MISS | spans=[none]
    Compiler   claims=13 | sentences=19 | claims/sentence=0.68 | whole-sentence nodes=0 | fragments=1 | refinement=YES/local_node_patch
    Case delta DualGraph-Raw = -82.85 pp | winner=RAW_DIRECT
    Running micro-F1 after 65 case(s): Raw=30.17% | DualGraph=27.43%
    +--------------------------------------------------+
[66/875] 12516 · QA · clean
    - raw_direct: nano
    - source_graph: nano
    - response_graph: nano
    - alignment + complete-error-clause projection: nano
    +---------------- CASE PERFORMANCE ----------------+
    Gold       spans=[none]
    Raw        P=100.00% R=100.00% F1=100.00% | detect=OK | spans=[none]
    DualGraph  P=100.00% R=100.00% F1=100.00% | detect=OK | spans=[none]
    Compiler   claims=6 | sentences=5 | claims/sentence=1.20 | whole-sentence nodes=3 | fragments=3 | refinement=YES/local_node_patch
    Case delta DualGraph-Raw = +0.00 pp | winner=TIE
    Running micro-F1 after 66 case(s): Raw=30.17% | DualGraph=27.43%
    +--------------------------------------------------+
[67/875] 15688 · QA · hallucinated
    - raw_direct: nano
    - source_graph: nano
    - response_graph: nano
    - alignment + complete-error-clause projection: nano
    +---------------- CASE PERFORMANCE ----------------+
    Gold       spans=[398:443] 'with an average humidity level of 70% to 90%.' (unsupported)
    Raw        P=100.00% R= 97.78% F1= 98.88% | detect=OK | spans=[398:442] 'with an average humidity level of 70% to 90%' (unsupported)
    DualGraph  P=100.00% R=100.00% F1=100.00% | detect=OK | spans=[398:443] 'with an average humidity level of 70% to 90%.' (unsupported)
    Compiler   claims=11 | sentences=12 | claims/sentence=0.92 | whole-sentence nodes=0 | fragments=10 | refinement=YES/local_node_patch
    Case delta DualGraph-Raw = +1.12 pp | winner=DUAL_GRAPH
    Running micro-F1 after 67 case(s): Raw=31.48% | DualGraph=29.37%
    +--------------------------------------------------+
[68/875] 14398 · QA · clean
    - source_graph: cache hit
    - raw_direct: nano
    - response_graph: nano
    - alignment + complete-error-clause projection: nano
    +---------------- CASE PERFORMANCE ----------------+
    Gold       spans=[none]
    Raw        P=100.00% R=100.00% F1=100.00% | detect=OK | spans=[none]
    DualGraph  P=100.00% R=100.00% F1=100.00% | detect=OK | spans=[none]
    Compiler   claims=6 | sentences=4 | claims/sentence=1.50 | whole-sentence nodes=0 | fragments=0 | refinement=NO/none
    Case delta DualGraph-Raw = +0.00 pp | winner=TIE
    Running micro-F1 after 68 case(s): Raw=31.48% | DualGraph=29.37%
    +--------------------------------------------------+
[69/875] 13072 · QA · clean
    - raw_direct: nano
    - source_graph: nano
    - response_graph: nano
    - alignment + complete-error-clause projection: nano
    +---------------- CASE PERFORMANCE ----------------+
    Gold       spans=[none]
    Raw        P=  0.00% R=  0.00% F1=  0.00% | detect=MISS | spans=[236:332] 'do not provide specific cutoff values or thresholds for what constitutes a high or low ...' (contradiction); [346:404] 'I am unable to answer the question of what PSA levels mean' (contradiction)
    DualGraph  P=100.00% R=100.00% F1=100.00% | detect=OK | spans=[none]
    Compiler   claims=3 | sentences=4 | claims/sentence=0.75 | whole-sentence nodes=1 | fragments=1 | refinement=YES/local_node_patch
    Case delta DualGraph-Raw = +100.00 pp | winner=DUAL_GRAPH
    Running micro-F1 after 69 case(s): Raw=30.48% | DualGraph=29.37%
    +--------------------------------------------------+
[70/875] 13260 · QA · clean
    - raw_direct: nano
    - source_graph: nano
    - response_graph: nano
    - alignment + complete-error-clause projection: nano
    +---------------- CASE PERFORMANCE ----------------+
    Gold       spans=[none]
    Raw        P=  0.00% R=  0.00% F1=  0.00% | detect=MISS | spans=[30:50] 'a firm or individual' (unsupported)
    DualGraph  P=  0.00% R=  0.00% F1=  0.00% | detect=MISS | spans=[30:50] 'a firm or individual' (unsupported)
    Compiler   claims=6 | sentences=4 | claims/sentence=1.50 | whole-sentence nodes=2 | fragments=0 | refinement=YES/local_node_patch
    Case delta DualGraph-Raw = +0.00 pp | winner=TIE
    Running micro-F1 after 70 case(s): Raw=30.35% | DualGraph=29.20%
    +--------------------------------------------------+
[71/875] 17234 · QA · clean
    - source_graph: cache hit
    - raw_direct: nano
    - response_graph: nano
    - alignment + complete-error-clause projection: nano
    +---------------- CASE PERFORMANCE ----------------+
    Gold       spans=[none]
    Raw        P=100.00% R=100.00% F1=100.00% | detect=OK | spans=[none]
    DualGraph  P=100.00% R=100.00% F1=100.00% | detect=OK | spans=[none]
    Compiler   claims=11 | sentences=5 | claims/sentence=2.20 | whole-sentence nodes=2 | fragments=5 | refinement=YES/local_node_patch
    Case delta DualGraph-Raw = +0.00 pp | winner=TIE
    Running micro-F1 after 71 case(s): Raw=30.35% | DualGraph=29.20%
    +--------------------------------------------------+
[72/875] 16897 · QA · clean
    - source_graph: cache hit
    - raw_direct: nano
    - response_graph: nano
    - alignment + complete-error-clause projection: nano
    +---------------- CASE PERFORMANCE ----------------+
    Gold       spans=[none]
    Raw        P=100.00% R=100.00% F1=100.00% | detect=OK | spans=[none]
    DualGraph  P=100.00% R=100.00% F1=100.00% | detect=OK | spans=[none]
    Compiler   claims=12 | sentences=8 | claims/sentence=1.50 | whole-sentence nodes=0 | fragments=5 | refinement=YES/local_node_patch
    Case delta DualGraph-Raw = +0.00 pp | winner=TIE
    Running micro-F1 after 72 case(s): Raw=30.35% | DualGraph=29.20%
    +--------------------------------------------------+
[73/875] 12702 · QA · clean
    - raw_direct: nano
    - source_graph: nano
    - response_graph: nano
    - alignment + complete-error-clause projection: nano
    +---------------- CASE PERFORMANCE ----------------+
    Gold       spans=[none]
    Raw        P=100.00% R=100.00% F1=100.00% | detect=OK | spans=[none]
    DualGraph  P=100.00% R=100.00% F1=100.00% | detect=OK | spans=[none]
    Compiler   claims=9 | sentences=8 | claims/sentence=1.12 | whole-sentence nodes=7 | fragments=4 | refinement=YES/local_node_patch
    Case delta DualGraph-Raw = +0.00 pp | winner=TIE
    Running micro-F1 after 73 case(s): Raw=30.35% | DualGraph=29.20%
    +--------------------------------------------------+
[74/875] 13440 · QA · clean
    - raw_direct: nano
    - source_graph: nano
    - response_graph: nano
    - alignment + complete-error-clause projection: nano
    +---------------- CASE PERFORMANCE ----------------+
    Gold       spans=[none]
    Raw        P=100.00% R=100.00% F1=100.00% | detect=OK | spans=[none]
    DualGraph  P=100.00% R=100.00% F1=100.00% | detect=OK | spans=[none]
    Compiler   claims=7 | sentences=6 | claims/sentence=1.17 | whole-sentence nodes=5 | fragments=0 | refinement=NO/none
    Case delta DualGraph-Raw = +0.00 pp | winner=TIE
    Running micro-F1 after 74 case(s): Raw=30.35% | DualGraph=29.20%
    +--------------------------------------------------+
[75/875] 16560 · QA · clean
    - raw_direct: nano
    - source_graph: nano
    - response_graph: nano
    - alignment + complete-error-clause projection: nano
    +---------------- CASE PERFORMANCE ----------------+
    Gold       spans=[none]
    Raw        P=  0.00% R=  0.00% F1=  0.00% | detect=MISS | spans=[463:477] 'digital copies' (unsupported)
    DualGraph  P=100.00% R=100.00% F1=100.00% | detect=OK | spans=[none]
    Compiler   claims=8 | sentences=6 | claims/sentence=1.33 | whole-sentence nodes=5 | fragments=0 | refinement=YES/local_node_patch
    Case delta DualGraph-Raw = +100.00 pp | winner=DUAL_GRAPH
    Running micro-F1 after 75 case(s): Raw=30.27% | DualGraph=29.20%
    +--------------------------------------------------+
[76/875] 13106 · QA · clean
    - source_graph: cache hit
    - raw_direct: nano
    - response_graph: nano
    - alignment + complete-error-clause projection: nano
    +---------------- CASE PERFORMANCE ----------------+
    Gold       spans=[none]
    Raw        P=100.00% R=100.00% F1=100.00% | detect=OK | spans=[none]
    DualGraph  P=100.00% R=100.00% F1=100.00% | detect=OK | spans=[none]
    Compiler   claims=11 | sentences=16 | claims/sentence=0.69 | whole-sentence nodes=2 | fragments=2 | refinement=YES/local_node_patch
    Case delta DualGraph-Raw = +0.00 pp | winner=TIE
    Running micro-F1 after 76 case(s): Raw=30.27% | DualGraph=29.20%
    +--------------------------------------------------+
[77/875] 11909 · QA · clean
    - raw_direct: nano
    - source_graph: nano
    - response_graph: nano
    - alignment + complete-error-clause projection: nano
    +---------------- CASE PERFORMANCE ----------------+
    Gold       spans=[none]
    Raw        P=  0.00% R=  0.00% F1=  0.00% | detect=MISS | spans=[238:248] 'experience' (unsupported)
    DualGraph  P=100.00% R=100.00% F1=100.00% | detect=OK | spans=[none]
    Compiler   claims=7 | sentences=5 | claims/sentence=1.40 | whole-sentence nodes=0 | fragments=1 | refinement=YES/local_node_patch
    Case delta DualGraph-Raw = +100.00 pp | winner=DUAL_GRAPH
    Running micro-F1 after 77 case(s): Raw=30.20% | DualGraph=29.20%
    +--------------------------------------------------+
[78/875] 14365 · QA · clean
    - raw_direct: nano
    - source_graph: nano
    - response_graph: nano
    - alignment + complete-error-clause projection: nano
    +---------------- CASE PERFORMANCE ----------------+
    Gold       spans=[none]
    Raw        P=100.00% R=100.00% F1=100.00% | detect=OK | spans=[none]
    DualGraph  P=100.00% R=100.00% F1=100.00% | detect=OK | spans=[none]
    Compiler   claims=6 | sentences=4 | claims/sentence=1.50 | whole-sentence nodes=2 | fragments=0 | refinement=YES/local_node_patch
    Case delta DualGraph-Raw = +0.00 pp | winner=TIE
    Running micro-F1 after 78 case(s): Raw=30.20% | DualGraph=29.20%
    +--------------------------------------------------+
[79/875] 15008 · QA · hallucinated
    - raw_direct: nano
    - source_graph: nano
    - response_graph: nano
    - alignment + complete-error-clause projection: nano
    +---------------- CASE PERFORMANCE ----------------+
    Gold       spans=[522:544] 'genetic predisposition' (unsupported); [133:194] 'takes place between the eighth and ninth day of fertilization' (contradiction)
    Raw        P= 79.78% R= 85.54% F1= 82.56% | detect=OK | spans=[145:194] 'between the eighth and ninth day of fertilization' (unsupported); [205:218] 'in rare cases' (unsupported); [518:545] 'and genetic predisposition.' (unsupported)
    DualGraph  P= 51.23% R=100.00% F1= 67.76% | detect=OK | spans=[73:195] 'The split of the developing zygote into two embryos usually takes place between the eig...' (unsupported); [205:219] 'in rare cases,' (unsupported); [518:544] 'and genetic predisposition' (unsupported)
    Compiler   claims=7 | sentences=6 | claims/sentence=1.17 | whole-sentence nodes=4 | fragments=1 | refinement=YES/local_node_patch
    Case delta DualGraph-Raw = -14.80 pp | winner=RAW_DIRECT
    Running micro-F1 after 79 case(s): Raw=31.99% | DualGraph=31.81%
    +--------------------------------------------------+
[80/875] 12335 · QA · clean
    - raw_direct: nano
    - source_graph: nano
    - response_graph: nano
    - alignment + complete-error-clause projection: nano
    +---------------- CASE PERFORMANCE ----------------+
    Gold       spans=[none]
    Raw        P=  0.00% R=  0.00% F1=  0.00% | detect=MISS | spans=[669:787] "do not necessarily mean the person likes you romantically, and it's possible they just ..." (unsupported); [852:861] 'over time' (unsupported); [892:924] 'try initiating a conversation or' (unsupported)
    DualGraph  P=100.00% R=100.00% F1=100.00% | detect=OK | spans=[none]
    Compiler   claims=19 | sentences=9 | claims/sentence=2.11 | whole-sentence nodes=0 | fragments=6 | refinement=YES/local_node_patch
    Case delta DualGraph-Raw = +100.00 pp | winner=DUAL_GRAPH
    Running micro-F1 after 80 case(s): Raw=31.01% | DualGraph=31.81%
    +--------------------------------------------------+
[81/875] 17116 · QA · clean
    - raw_direct: nano
    - source_graph: nano
    - response_graph: nano
    - alignment + complete-error-clause projection: nano
    +---------------- CASE PERFORMANCE ----------------+
    Gold       spans=[none]
    Raw        P=  0.00% R=  0.00% F1=  0.00% | detect=MISS | spans=[144:223] 'do not contain any specific information about the cost of replacing sewer lines' (contradiction); [328:355] 'to several thousand dollars' (unsupported)
    DualGraph  P=100.00% R=100.00% F1=100.00% | detect=OK | spans=[none]
    Compiler   claims=3 | sentences=2 | claims/sentence=1.50 | whole-sentence nodes=0 | fragments=0 | refinement=YES/local_node_patch
    Case delta DualGraph-Raw = +100.00 pp | winner=DUAL_GRAPH
    Running micro-F1 after 81 case(s): Raw=30.39% | DualGraph=31.81%
    +--------------------------------------------------+
[82/875] 15343 · QA · clean
    - source_graph: cache hit
    - raw_direct: nano
    - response_graph: nano
    - alignment + complete-error-clause projection: nano
    +---------------- CASE PERFORMANCE ----------------+
    Gold       spans=[none]
    Raw        P=100.00% R=100.00% F1=100.00% | detect=OK | spans=[none]
    DualGraph  P=100.00% R=100.00% F1=100.00% | detect=OK | spans=[none]
    Compiler   claims=14 | sentences=7 | claims/sentence=2.00 | whole-sentence nodes=3 | fragments=2 | refinement=YES/local_node_patch
    Case delta DualGraph-Raw = +0.00 pp | winner=TIE
    Running micro-F1 after 82 case(s): Raw=30.39% | DualGraph=31.81%
    +--------------------------------------------------+
[83/875] 15727 · QA · clean
    - source_graph: cache hit
    - raw_direct: nano
    - response_graph: nano
    - alignment + complete-error-clause projection: nano
    +---------------- CASE PERFORMANCE ----------------+
    Gold       spans=[none]
    Raw        P=  0.00% R=  0.00% F1=  0.00% | detect=MISS | spans=[89:145] 'The specific details and mechanics of a raffle can vary.' (unsupported); [223:264] 'the last ticket drawn wins the main prize' (unsupported)
    DualGraph  P=  0.00% R=  0.00% F1=  0.00% | detect=MISS | spans=[223:264] 'the last ticket drawn wins the main prize' (unsupported)
    Compiler   claims=6 | sentences=5 | claims/sentence=1.20 | whole-sentence nodes=4 | fragments=2 | refinement=YES/local_node_patch
    Case delta DualGraph-Raw = +0.00 pp | winner=TIE
    Running micro-F1 after 83 case(s): Raw=29.85% | DualGraph=31.45%
    +--------------------------------------------------+
[84/875] 13721 · QA · clean
    - raw_direct: nano
    - source_graph: nano
    - response_graph: nano
    - alignment + complete-error-clause projection: nano
    +---------------- CASE PERFORMANCE ----------------+
    Gold       spans=[none]
    Raw        P=  0.00% R=  0.00% F1=  0.00% | detect=MISS | spans=[724:793] 'I would have replied with "Unable to answer based on given passages."' (unsupported)
    DualGraph  P=100.00% R=100.00% F1=100.00% | detect=OK | spans=[none]
    Compiler   claims=10 | sentences=7 | claims/sentence=1.43 | whole-sentence nodes=0 | fragments=6 | refinement=YES/local_node_patch
    Case delta DualGraph-Raw = +100.00 pp | winner=DUAL_GRAPH
    Running micro-F1 after 84 case(s): Raw=29.47% | DualGraph=31.45%
    +--------------------------------------------------+
[85/875] 15460 · QA · clean
    - source_graph: cache hit
    - raw_direct: nano
    - response_graph: nano
    - alignment + complete-error-clause projection: nano
    +---------------- CASE PERFORMANCE ----------------+
    Gold       spans=[none]
    Raw        P=100.00% R=100.00% F1=100.00% | detect=OK | spans=[none]
    DualGraph  P=100.00% R=100.00% F1=100.00% | detect=OK | spans=[none]
    Compiler   claims=6 | sentences=4 | claims/sentence=1.50 | whole-sentence nodes=0 | fragments=0 | refinement=NO/none
    Case delta DualGraph-Raw = +0.00 pp | winner=TIE
    Running micro-F1 after 85 case(s): Raw=29.47% | DualGraph=31.45%
    +--------------------------------------------------+
[86/875] 16906 · QA · clean
    - raw_direct: nano
    - source_graph: nano
    - response_graph: nano
    - alignment + complete-error-clause projection: nano
    +---------------- CASE PERFORMANCE ----------------+
    Gold       spans=[none]
    Raw        P=  0.00% R=  0.00% F1=  0.00% | detect=MISS | spans=[334:370] "and remove them from your dog's coat" (unsupported)
    DualGraph  P=100.00% R=100.00% F1=100.00% | detect=OK | spans=[none]
    Compiler   claims=8 | sentences=10 | claims/sentence=0.80 | whole-sentence nodes=0 | fragments=2 | refinement=YES/local_node_patch
    Case delta DualGraph-Raw = +100.00 pp | winner=DUAL_GRAPH
    Running micro-F1 after 86 case(s): Raw=29.28% | DualGraph=31.45%
    +--------------------------------------------------+
[87/875] 16634 · QA · clean
    - raw_direct: nano
    - source_graph: nano
    - response_graph: nano
    - alignment + complete-error-clause projection: nano
    +---------------- CASE PERFORMANCE ----------------+
    Gold       spans=[none]
    Raw        P=  0.00% R=  0.00% F1=  0.00% | detect=MISS | spans=[681:695] 'any associated' (unsupported)
    DualGraph  P=100.00% R=100.00% F1=100.00% | detect=OK | spans=[none]
    Compiler   claims=10 | sentences=19 | claims/sentence=0.53 | whole-sentence nodes=10 | fragments=6 | refinement=YES/local_node_patch
    Case delta DualGraph-Raw = +100.00 pp | winner=DUAL_GRAPH
    Running micro-F1 after 87 case(s): Raw=29.20% | DualGraph=31.45%
    +--------------------------------------------------+
[88/875] 12106 · QA · clean
    - raw_direct: nano
    - source_graph: nano
    - response_graph: nano
    - alignment + complete-error-clause projection: nano
    +---------------- CASE PERFORMANCE ----------------+
    Gold       spans=[none]
    Raw        P=100.00% R=100.00% F1=100.00% | detect=OK | spans=[none]
    DualGraph  P=100.00% R=100.00% F1=100.00% | detect=OK | spans=[none]
    Compiler   claims=9 | sentences=12 | claims/sentence=0.75 | whole-sentence nodes=7 | fragments=1 | refinement=YES/local_node_patch
    Case delta DualGraph-Raw = +0.00 pp | winner=TIE
    Running micro-F1 after 88 case(s): Raw=29.20% | DualGraph=31.45%
    +--------------------------------------------------+
[89/875] 14466 · QA · clean
    - source_graph: cache hit
    - raw_direct: nano
    - response_graph: nano
    - alignment + complete-error-clause projection: nano
    +---------------- CASE PERFORMANCE ----------------+
    Gold       spans=[none]
    Raw        P=  0.00% R=  0.00% F1=  0.00% | detect=MISS | spans=[630:699] 'and the integration of African Americans into society and the economy' (unsupported)
    DualGraph  P=100.00% R=100.00% F1=100.00% | detect=OK | spans=[none]
    Compiler   claims=16 | sentences=7 | claims/sentence=2.29 | whole-sentence nodes=2 | fragments=2 | refinement=YES/local_node_patch
    Case delta DualGraph-Raw = +100.00 pp | winner=DUAL_GRAPH
    Running micro-F1 after 89 case(s): Raw=28.84% | DualGraph=31.45%
    +--------------------------------------------------+
[90/875] 14849 · QA · clean
    - raw_direct: nano
    - source_graph: nano
    - response_graph: nano
    - alignment + complete-error-clause projection: nano
    +---------------- CASE PERFORMANCE ----------------+
    Gold       spans=[none]
    Raw        P=100.00% R=100.00% F1=100.00% | detect=OK | spans=[none]
    DualGraph  P=100.00% R=100.00% F1=100.00% | detect=OK | spans=[none]
    Compiler   claims=9 | sentences=16 | claims/sentence=0.56 | whole-sentence nodes=6 | fragments=3 | refinement=YES/local_node_patch
    Case delta DualGraph-Raw = +0.00 pp | winner=TIE
    Running micro-F1 after 90 case(s): Raw=28.84% | DualGraph=31.45%
    +--------------------------------------------------+
[91/875] 14213 · QA · clean
    - raw_direct: nano
    - source_graph: nano
    - response_graph: nano
    - alignment + complete-error-clause projection: nano
    +---------------- CASE PERFORMANCE ----------------+
    Gold       spans=[none]
    Raw        P=  0.00% R=  0.00% F1=  0.00% | detect=MISS | spans=[123:138] 'or fermentation' (unsupported)
    DualGraph  P=100.00% R=100.00% F1=100.00% | detect=OK | spans=[none]
    Compiler   claims=5 | sentences=3 | claims/sentence=1.67 | whole-sentence nodes=0 | fragments=0 | refinement=NO/none
    Case delta DualGraph-Raw = +100.00 pp | winner=DUAL_GRAPH
    Running micro-F1 after 91 case(s): Raw=28.77% | DualGraph=31.45%
    +--------------------------------------------------+
[92/875] 14750 · QA · clean
    - raw_direct: nano
    - source_graph: nano
    - response_graph: nano
    - alignment + complete-error-clause projection: nano
    +---------------- CASE PERFORMANCE ----------------+
    Gold       spans=[none]
    Raw        P=100.00% R=100.00% F1=100.00% | detect=OK | spans=[none]
    DualGraph  P=100.00% R=100.00% F1=100.00% | detect=OK | spans=[none]
    Compiler   claims=7 | sentences=12 | claims/sentence=0.58 | whole-sentence nodes=7 | fragments=5 | refinement=YES/local_node_patch
    Case delta DualGraph-Raw = +0.00 pp | winner=TIE
    Running micro-F1 after 92 case(s): Raw=28.77% | DualGraph=31.45%
    +--------------------------------------------------+
[93/875] 14287 · QA · clean
    - source_graph: cache hit
    - raw_direct: nano
    - response_graph: nano
    - alignment + complete-error-clause projection: nano
    +---------------- CASE PERFORMANCE ----------------+
    Gold       spans=[none]
    Raw        P=100.00% R=100.00% F1=100.00% | detect=OK | spans=[none]
    DualGraph  P=100.00% R=100.00% F1=100.00% | detect=OK | spans=[none]
    Compiler   claims=5 | sentences=4 | claims/sentence=1.25 | whole-sentence nodes=0 | fragments=0 | refinement=YES/local_node_patch
    Case delta DualGraph-Raw = +0.00 pp | winner=TIE
    Running micro-F1 after 93 case(s): Raw=28.77% | DualGraph=31.45%
    +--------------------------------------------------+
[94/875] 14819 · QA · clean
    - source_graph: cache hit
    - raw_direct: nano
    - response_graph: nano
    - alignment + complete-error-clause projection: nano
    +---------------- CASE PERFORMANCE ----------------+
    Gold       spans=[none]
    Raw        P=  0.00% R=  0.00% F1=  0.00% | detect=MISS | spans=[91:106] 'on a 2006 Chevy' (unsupported)
    DualGraph  P=100.00% R=100.00% F1=100.00% | detect=OK | spans=[none]
    Compiler   claims=8 | sentences=16 | claims/sentence=0.50 | whole-sentence nodes=8 | fragments=3 | refinement=YES/local_node_patch
    Case delta DualGraph-Raw = +100.00 pp | winner=DUAL_GRAPH
    Running micro-F1 after 94 case(s): Raw=28.69% | DualGraph=31.45%
    +--------------------------------------------------+
[95/875] 16454 · QA · clean
    - source_graph: cache hit
    - raw_direct: nano
    - response_graph: nano
    - alignment + complete-error-clause projection: nano
    +---------------- CASE PERFORMANCE ----------------+
    Gold       spans=[none]
    Raw        P=100.00% R=100.00% F1=100.00% | detect=OK | spans=[none]
    DualGraph  P=100.00% R=100.00% F1=100.00% | detect=OK | spans=[none]
    Compiler   claims=1 | sentences=1 | claims/sentence=1.00 | whole-sentence nodes=1 | fragments=0 | refinement=NO/none
    Case delta DualGraph-Raw = +0.00 pp | winner=TIE
    Running micro-F1 after 95 case(s): Raw=28.69% | DualGraph=31.45%
    +--------------------------------------------------+
[96/875] 15901 · QA · clean
    - source_graph: cache hit
    - raw_direct: nano
    - response_graph: nano
    - alignment + complete-error-clause projection: nano
    +---------------- CASE PERFORMANCE ----------------+
    Gold       spans=[none]
    Raw        P=100.00% R=100.00% F1=100.00% | detect=OK | spans=[none]
    DualGraph  P=100.00% R=100.00% F1=100.00% | detect=OK | spans=[none]
    Compiler   claims=6 | sentences=5 | claims/sentence=1.20 | whole-sentence nodes=4 | fragments=3 | refinement=YES/local_node_patch
    Case delta DualGraph-Raw = +0.00 pp | winner=TIE
    Running micro-F1 after 96 case(s): Raw=28.69% | DualGraph=31.45%
    +--------------------------------------------------+
[97/875] 17104 · QA · hallucinated
    - source_graph: cache hit
    - raw_direct: nano
    - response_graph: nano
    - alignment + complete-error-clause projection: nano
    +---------------- CASE PERFORMANCE ----------------+
    Gold       spans=[807:1018] 'Please note that the specific steps and options may vary depending on the provider and ...' (unsupported)
    Raw        P=100.00% R= 66.82% F1= 80.11% | detect=OK | spans=[855:917] 'may vary depending on the provider and the location you choose' (unsupported); [938:1017] 'research and compare different providers to find the best option for your needs' (unsupported)
    DualGraph  P=  0.00% R=  0.00% F1=  0.00% | detect=MISS | spans=[none]
    Compiler   claims=9 | sentences=12 | claims/sentence=0.75 | whole-sentence nodes=6 | fragments=2 | refinement=YES/local_node_patch
    Case delta DualGraph-Raw = -80.11 pp | winner=RAW_DIRECT
    Running micro-F1 after 97 case(s): Raw=31.72% | DualGraph=29.74%
    +--------------------------------------------------+
[98/875] 14859 · QA · hallucinated
    - raw_direct: nano
    - source_graph: nano
    - response_graph: nano
    - alignment + complete-error-clause projection: nano
    +---------------- CASE PERFORMANCE ----------------+
    Gold       spans=[139:265] 'This can be done by visiting the Shugabush Island and collecting the required items to ...' (unsupported); [266:314] '2. Hatch the Shugabush Monster to create an egg.' (contradiction)
    Raw        P=100.00% R= 60.34% F1= 75.27% | detect=OK | spans=[159:264] 'visiting the Shugabush Island and collecting the required items to trade with the other...' (unsupported)
    DualGraph  P=100.00% R= 72.41% F1= 84.00% | detect=OK | spans=[139:265] 'This can be done by visiting the Shugabush Island and collecting the required items to ...' (unsupported)
    Compiler   claims=9 | sentences=13 | claims/sentence=0.69 | whole-sentence nodes=6 | fragments=3 | refinement=YES/local_node_patch
    Case delta DualGraph-Raw = +8.73 pp | winner=DUAL_GRAPH
    Running micro-F1 after 98 case(s): Raw=33.66% | DualGraph=33.64%
    +--------------------------------------------------+
[99/875] 14817 · QA · clean
    - source_graph: cache hit
    - raw_direct: nano
    - response_graph: nano
    - alignment + complete-error-clause projection: nano
    +---------------- CASE PERFORMANCE ----------------+
    Gold       spans=[none]
    Raw        P=  0.00% R=  0.00% F1=  0.00% | detect=MISS | spans=[85:89] '2006' (unsupported); [430:478] 'taking care not to damage any wiring connections' (unsupported); [744:775] 'using a door panel removal tool' (contradiction)
    DualGraph  P=100.00% R=100.00% F1=100.00% | detect=OK | spans=[none]
    Compiler   claims=5 | sentences=6 | claims/sentence=0.83 | whole-sentence nodes=5 | fragments=0 | refinement=NO/none
    Case delta DualGraph-Raw = +100.00 pp | winner=DUAL_GRAPH
    Running micro-F1 after 99 case(s): Raw=33.22% | DualGraph=33.64%
    +--------------------------------------------------+
[100/875] 12517 · QA · clean
    - source_graph: cache hit
    - raw_direct: nano
    - response_graph: nano
    - alignment + complete-error-clause projection: nano
    +---------------- CASE PERFORMANCE ----------------+
    Gold       spans=[none]
    Raw        P=  0.00% R=  0.00% F1=  0.00% | detect=MISS | spans=[251:293] 'Each system has its own specific functions' (unsupported)
    DualGraph  P=  0.00% R=  0.00% F1=  0.00% | detect=MISS | spans=[451:555] 'various systems such as the skeletal, muscular, digestive, respiratory, circulatory, an...' (unsupported); [625:733] 'and removes carbon dioxide from the muscular, digestive, skeletal, circulatory, urinary...' (unsupported)
    Compiler   claims=5 | sentences=5 | claims/sentence=1.00 | whole-sentence nodes=5 | fragments=2 | refinement=YES/local_node_patch
    Case delta DualGraph-Raw = +0.00 pp | winner=TIE
    Running micro-F1 after 100 case(s): Raw=33.00% | DualGraph=32.01%
    +--------------------------------------------------+
[101/875] 12220 · QA · clean
    - source_graph: cache hit
    - raw_direct: nano
    - response_graph: nano
    - alignment + complete-error-clause projection: nano
    +---------------- CASE PERFORMANCE ----------------+
    Gold       spans=[none]
    Raw        P=  0.00% R=  0.00% F1=  0.00% | detect=MISS | spans=[513:530] 'four even corners' (unsupported); [546:580] 'size of the quilt is not specified' (contradiction)
    DualGraph  P=  0.00% R=  0.00% F1=  0.00% | detect=MISS | spans=[542:597] 'the size of the quilt is not specified in the passages,' (contradiction)
    Compiler   claims=8 | sentences=13 | claims/sentence=0.61 | whole-sentence nodes=6 | fragments=4 | refinement=YES/local_node_patch
    Case delta DualGraph-Raw = +0.00 pp | winner=TIE
    Running micro-F1 after 101 case(s): Raw=32.74% | DualGraph=31.61%
    +--------------------------------------------------+
[102/875] 12447 · QA · clean
    - source_graph: cache hit
    - raw_direct: nano
    - response_graph: nano
    - alignment + complete-error-clause projection: nano
    +---------------- CASE PERFORMANCE ----------------+
    Gold       spans=[none]
    Raw        P=  0.00% R=  0.00% F1=  0.00% | detect=MISS | spans=[721:844] 'still important to consume a balanced diet that includes all of the essential amino aci...' (unsupported)
    DualGraph  P=100.00% R=100.00% F1=100.00% | detect=OK | spans=[none]
    Compiler   claims=8 | sentences=10 | claims/sentence=0.80 | whole-sentence nodes=0 | fragments=1 | refinement=YES/local_node_patch
    Case delta DualGraph-Raw = +100.00 pp | winner=DUAL_GRAPH
    Running micro-F1 after 102 case(s): Raw=32.13% | DualGraph=31.61%
    +--------------------------------------------------+
[103/875] 13136 · QA · hallucinated
    - raw_direct: nano
    - source_graph: nano
    - response_graph: nano
    - alignment + complete-error-clause projection: nano
    +---------------- CASE PERFORMANCE ----------------+
    Gold       spans=[447:481] 'entering a custom value in seconds' (unsupported); [484:555] '6. After making your changes, click "Apply" and then "OK" to save them.' (unsupported)
    Raw        P=100.00% R= 58.10% F1= 73.49% | detect=OK | spans=[447:481] 'entering a custom value in seconds' (unsupported); [514:541] 'click "Apply" and then "OK"' (unsupported)
    DualGraph  P=100.00% R= 38.10% F1= 55.17% | detect=OK | spans=[514:554] 'click "Apply" and then "OK" to save them' (unsupported)
    Compiler   claims=10 | sentences=16 | claims/sentence=0.62 | whole-sentence nodes=10 | fragments=4 | refinement=YES/local_node_patch
    Case delta DualGraph-Raw = -18.32 pp | winner=RAW_DIRECT
    Running micro-F1 after 103 case(s): Raw=33.15% | DualGraph=32.36%
    +--------------------------------------------------+
[104/875] 13431 · QA · clean
    - source_graph: cache hit
    - raw_direct: nano
    - response_graph: nano
    - alignment + complete-error-clause projection: nano
    +---------------- CASE PERFORMANCE ----------------+
    Gold       spans=[none]
    Raw        P=  0.00% R=  0.00% F1=  0.00% | detect=MISS | spans=[864:909] 'Unable to answer based on the given passages.' (unsupported); [910:1036] 'The passages do not provide instructions on how to fix a specific issue with the lift v...' (unsupported)
    DualGraph  P=100.00% R=100.00% F1=100.00% | detect=OK | spans=[none]
    Compiler   claims=12 | sentences=16 | claims/sentence=0.75 | whole-sentence nodes=0 | fragments=4 | refinement=YES/local_node_patch
    Case delta DualGraph-Raw = +100.00 pp | winner=DUAL_GRAPH
    Running micro-F1 after 104 case(s): Raw=32.33% | DualGraph=32.36%
    +--------------------------------------------------+
[105/875] 15651 · QA · hallucinated
    - raw_direct: nano
    - source_graph: nano
    - response_graph: nano
    - alignment + complete-error-clause projection: nano
    +---------------- CASE PERFORMANCE ----------------+
    Gold       spans=[688:849] 'including the University Superannuation Scheme (USS), the Universities Superannuation S...' (unsupported); [688:849] 'including the University Superannuation Scheme (USS), the Universities Superannuation S...' (unsupported)
    Raw        P=  0.00% R=  0.00% F1=  0.00% | detect=MISS | spans=[none]
    DualGraph  P=  0.00% R=  0.00% F1=  0.00% | detect=MISS | spans=[none]
    Compiler   claims=8 | sentences=4 | claims/sentence=2.00 | whole-sentence nodes=0 | fragments=0 | refinement=YES/local_node_patch
    Case delta DualGraph-Raw = +0.00 pp | winner=TIE
    Running micro-F1 after 105 case(s): Raw=31.59% | DualGraph=31.26%
    +--------------------------------------------------+
[106/875] 13207 · QA · clean
    - source_graph: cache hit
    - raw_direct: nano
    - response_graph: nano
    - alignment + complete-error-clause projection: nano
    +---------------- CASE PERFORMANCE ----------------+
    Gold       spans=[none]
    Raw        P=100.00% R=100.00% F1=100.00% | detect=OK | spans=[none]
    DualGraph  P=100.00% R=100.00% F1=100.00% | detect=OK | spans=[none]
    Compiler   claims=3 | sentences=1 | claims/sentence=3.00 | whole-sentence nodes=0 | fragments=1 | refinement=YES/local_node_patch
    Case delta DualGraph-Raw = +0.00 pp | winner=TIE
    Running micro-F1 after 106 case(s): Raw=31.59% | DualGraph=31.26%
    +--------------------------------------------------+
[107/875] 16464 · QA · clean
    - raw_direct: nano
    - source_graph: nano
    - response_graph: nano
    - alignment + complete-error-clause projection: nano
    +---------------- CASE PERFORMANCE ----------------+
    Gold       spans=[none]
    Raw        P=100.00% R=100.00% F1=100.00% | detect=OK | spans=[none]
    DualGraph  P=100.00% R=100.00% F1=100.00% | detect=OK | spans=[none]
    Compiler   claims=6 | sentences=4 | claims/sentence=1.50 | whole-sentence nodes=1 | fragments=1 | refinement=YES/local_node_patch
    Case delta DualGraph-Raw = +0.00 pp | winner=TIE
    Running micro-F1 after 107 case(s): Raw=31.59% | DualGraph=31.26%
    +--------------------------------------------------+
[108/875] 13128 · QA · clean
    - raw_direct: nano
    - source_graph: nano
    - response_graph: nano
    - alignment + complete-error-clause projection: nano
    +---------------- CASE PERFORMANCE ----------------+
    Gold       spans=[none]
    Raw        P=100.00% R=100.00% F1=100.00% | detect=OK | spans=[none]
    DualGraph  P=100.00% R=100.00% F1=100.00% | detect=OK | spans=[none]
    Compiler   claims=8 | sentences=8 | claims/sentence=1.00 | whole-sentence nodes=8 | fragments=5 | refinement=YES/local_node_patch
    Case delta DualGraph-Raw = +0.00 pp | winner=TIE
    Running micro-F1 after 108 case(s): Raw=31.59% | DualGraph=31.26%
    +--------------------------------------------------+
[109/875] 17100 · QA · clean
    - source_graph: cache hit
    - raw_direct: nano
    - response_graph: nano
    - alignment + complete-error-clause projection: nano
    +---------------- CASE PERFORMANCE ----------------+
    Gold       spans=[none]
    Raw        P=  0.00% R=  0.00% F1=  0.00% | detect=MISS | spans=[59:75] 'YouTube channels' (unsupported)
    DualGraph  P=100.00% R=100.00% F1=100.00% | detect=OK | spans=[none]
    Compiler   claims=8 | sentences=4 | claims/sentence=2.00 | whole-sentence nodes=1 | fragments=3 | refinement=YES/local_node_patch
    Case delta DualGraph-Raw = +100.00 pp | winner=DUAL_GRAPH
    Running micro-F1 after 109 case(s): Raw=31.52% | DualGraph=31.26%
    +--------------------------------------------------+
[110/875] 15482 · QA · clean
    - source_graph: cache hit
    - raw_direct: nano
    - response_graph: nano
    - alignment + complete-error-clause projection: nano
    +---------------- CASE PERFORMANCE ----------------+
    Gold       spans=[none]
    Raw        P=  0.00% R=  0.00% F1=  0.00% | detect=MISS | spans=[277:352] 'are applications that are not developed or officially supported by Snapchat' (unsupported)
    DualGraph  P=100.00% R=100.00% F1=100.00% | detect=OK | spans=[none]
    Compiler   claims=5 | sentences=5 | claims/sentence=1.00 | whole-sentence nodes=2 | fragments=0 | refinement=NO/none
    Case delta DualGraph-Raw = +100.00 pp | winner=DUAL_GRAPH
    Running micro-F1 after 110 case(s): Raw=31.19% | DualGraph=31.26%
    +--------------------------------------------------+
[111/875] 16469 · QA · hallucinated
    - source_graph: cache hit
    - raw_direct: nano
    - response_graph: nano
    - alignment + complete-error-clause projection: nano
    +---------------- CASE PERFORMANCE ----------------+
    Gold       spans=[302:358] 'Therefore, the answer to the question would be: cycling.' (unsupported)
    Raw        P=  0.00% R=  0.00% F1=  0.00% | detect=OK | spans=[238:300] 'has a lower impact compared to other exercises such as running' (unsupported)
    DualGraph  P=  0.00% R=  0.00% F1=  0.00% | detect=OK | spans=[235:300] 'it has a lower impact compared to other exercises such as running' (unsupported)
    Compiler   claims=4 | sentences=3 | claims/sentence=1.33 | whole-sentence nodes=0 | fragments=0 | refinement=NO/none
    Case delta DualGraph-Raw = +0.00 pp | winner=TIE
    Running micro-F1 after 111 case(s): Raw=30.68% | DualGraph=30.48%
    +--------------------------------------------------+
[112/875] 13138 · QA · clean
    - source_graph: cache hit
    - raw_direct: nano
    - response_graph: nano
    - alignment + complete-error-clause projection: nano
    +---------------- CASE PERFORMANCE ----------------+
    Gold       spans=[none]
    Raw        P=  0.00% R=  0.00% F1=  0.00% | detect=MISS | spans=[1309:1349] 'Windows key + X and select Power Options' (unsupported); [1350:1405] 'from the menu to open the Power Options window directly' (unsupported)
    DualGraph  P=  0.00% R=  0.00% F1=  0.00% | detect=MISS | spans=[1259:1406] 'Alternatively, you can also use the shortcut keys Windows key + X and select Power Opti...' (unsupported)
    Compiler   claims=17 | sentences=23 | claims/sentence=0.74 | whole-sentence nodes=8 | fragments=12 | refinement=YES/local_node_patch
    Case delta DualGraph-Raw = +0.00 pp | winner=TIE
    Running micro-F1 after 112 case(s): Raw=30.28% | DualGraph=29.59%
    +--------------------------------------------------+
[113/875] 14508 · QA · clean
    - source_graph: cache hit
    - raw_direct: nano
    - response_graph: nano
    - alignment + complete-error-clause projection: nano
    +---------------- CASE PERFORMANCE ----------------+
    Gold       spans=[none]
    Raw        P=100.00% R=100.00% F1=100.00% | detect=OK | spans=[none]
    DualGraph  P=100.00% R=100.00% F1=100.00% | detect=OK | spans=[none]
    Compiler   claims=3 | sentences=3 | claims/sentence=1.00 | whole-sentence nodes=2 | fragments=0 | refinement=NO/none
    Case delta DualGraph-Raw = +0.00 pp | winner=TIE
    Running micro-F1 after 113 case(s): Raw=30.28% | DualGraph=29.59%
    +--------------------------------------------------+
[114/875] 12916 · QA · clean
    - raw_direct: nano
    - source_graph: nano
    - response_graph: nano
    - alignment + complete-error-clause projection: nano
    +---------------- CASE PERFORMANCE ----------------+
    Gold       spans=[none]
    Raw        P=100.00% R=100.00% F1=100.00% | detect=OK | spans=[none]
    DualGraph  P=100.00% R=100.00% F1=100.00% | detect=OK | spans=[none]
    Compiler   claims=2 | sentences=2 | claims/sentence=1.00 | whole-sentence nodes=0 | fragments=0 | refinement=YES/local_node_patch
    Case delta DualGraph-Raw = +0.00 pp | winner=TIE
    Running micro-F1 after 114 case(s): Raw=30.28% | DualGraph=29.59%
    +--------------------------------------------------+
[115/875] 13467 · QA · clean
    - raw_direct: nano
    - source_graph: nano
    - response_graph: nano
    - alignment + complete-error-clause projection: nano
    +---------------- CASE PERFORMANCE ----------------+
    Gold       spans=[none]
    Raw        P=  0.00% R=  0.00% F1=  0.00% | detect=MISS | spans=[756:796] 'Unable to answer based on given passages' (contradiction)
    DualGraph  P=100.00% R=100.00% F1=100.00% | detect=OK | spans=[none]
    Compiler   claims=11 | sentences=7 | claims/sentence=1.57 | whole-sentence nodes=1 | fragments=4 | refinement=YES/local_node_patch
    Case delta DualGraph-Raw = +100.00 pp | winner=DUAL_GRAPH
    Running micro-F1 after 115 case(s): Raw=30.12% | DualGraph=29.59%
    +--------------------------------------------------+
[116/875] 16358 · QA · clean
    - raw_direct: nano
    - source_graph: nano
    - response_graph: nano
    - alignment + complete-error-clause projection: nano
    +---------------- CASE PERFORMANCE ----------------+
    Gold       spans=[none]
    Raw        P=  0.00% R=  0.00% F1=  0.00% | detect=MISS | spans=[261:396] 'It would be best to refer to the instructions on the 1040 tax return form itself for gu...' (unsupported)
    DualGraph  P=100.00% R=100.00% F1=100.00% | detect=OK | spans=[none]
    Compiler   claims=3 | sentences=3 | claims/sentence=1.00 | whole-sentence nodes=1 | fragments=0 | refinement=NO/none
    Case delta DualGraph-Raw = +100.00 pp | winner=DUAL_GRAPH
    Running micro-F1 after 116 case(s): Raw=29.58% | DualGraph=29.59%
    +--------------------------------------------------+
[117/875] 15777 · QA · hallucinated
    - raw_direct: nano
    - source_graph: nano
    - response_graph: nano
    - alignment + complete-error-clause projection: nano
    +---------------- CASE PERFORMANCE ----------------+
    Gold       spans=[552:841] '6. Holding a dressing or bandage in place. 7. Hanging a picture or ornament. 8. Repairi...' (unsupported)
    Raw        P= 77.78% R= 89.62% F1= 83.28% | detect=OK | spans=[555:594] 'Holding a dressing or bandage in place.' (unsupported); [598:628] 'Hanging a picture or ornament.' (unsupported); [632:656] 'Repairing a ripped seam.' (unsupported); [660:699] 'Closing openings on a backpack or tent.' (unsupported); [704:738] 'Creating a makeshift fishing hook.' (unsupported); [743:786] 'Making a simple tool for cutting or prying.' (unsupported); ... +3 more
    DualGraph  P= 83.28% R= 89.62% F1= 86.33% | detect=OK | spans=[499:551] 'Fastening two pieces of fabric or clothing together.' (unsupported); [555:594] 'Holding a dressing or bandage in place.' (unsupported); [598:628] 'Hanging a picture or ornament.' (unsupported); [632:656] 'Repairing a ripped seam.' (unsupported); [660:699] 'Closing openings on a backpack or tent.' (unsupported); [704:738] 'Creating a makeshift fishing hook.' (unsupported); ... +2 more
    Compiler   claims=17 | sentences=27 | claims/sentence=0.63 | whole-sentence nodes=14 | fragments=1 | refinement=YES/local_node_patch
    Case delta DualGraph-Raw = +3.05 pp | winner=DUAL_GRAPH
    Running micro-F1 after 117 case(s): Raw=33.68% | DualGraph=35.65%
    +--------------------------------------------------+
[118/875] 13235 · QA · clean
    - raw_direct: nano
    - source_graph: nano
    - response_graph: nano
    - alignment + complete-error-clause projection: nano
    +---------------- CASE PERFORMANCE ----------------+
    Gold       spans=[none]
    Raw        P=  0.00% R=  0.00% F1=  0.00% | detect=MISS | spans=[544:652] 'Repeat the process for additional frames, ensuring that the hinge placement is consiste...' (unsupported)
    DualGraph  P=100.00% R=100.00% F1=100.00% | detect=OK | spans=[none]
    Compiler   claims=12 | sentences=16 | claims/sentence=0.75 | whole-sentence nodes=6 | fragments=3 | refinement=YES/local_node_patch
    Case delta DualGraph-Raw = +100.00 pp | winner=DUAL_GRAPH
    Running micro-F1 after 118 case(s): Raw=33.24% | DualGraph=35.65%
    +--------------------------------------------------+
[119/875] 14377 · QA · clean
    - source_graph: cache hit
    - raw_direct: nano
    - response_graph: nano
    - alignment + complete-error-clause projection: nano
    +---------------- CASE PERFORMANCE ----------------+
    Gold       spans=[none]
    Raw        P=100.00% R=100.00% F1=100.00% | detect=OK | spans=[none]
    DualGraph  P=  0.00% R=  0.00% F1=  0.00% | detect=MISS | spans=[14:72] 'start by removing the membrane from the bottom of the ribs' (unsupported); [114:151] 'a mixture of mustard and liquid smoke' (unsupported)
    Compiler   claims=8 | sentences=7 | claims/sentence=1.14 | whole-sentence nodes=6 | fragments=5 | refinement=YES/local_node_patch
    Case delta DualGraph-Raw = -100.00 pp | winner=RAW_DIRECT
    Running micro-F1 after 119 case(s): Raw=33.24% | DualGraph=35.06%
    +--------------------------------------------------+
[120/875] 16457 · QA · clean
    - source_graph: cache hit
    - raw_direct: nano
    - response_graph: nano
    - alignment + complete-error-clause projection: nano
    +---------------- CASE PERFORMANCE ----------------+
    Gold       spans=[none]
    Raw        P=  0.00% R=  0.00% F1=  0.00% | detect=MISS | spans=[0:41] 'Unable to answer based on given passages.' (unsupported)
    DualGraph  P=100.00% R=100.00% F1=100.00% | detect=OK | spans=[none]
    Compiler   claims=2 | sentences=2 | claims/sentence=1.00 | whole-sentence nodes=2 | fragments=0 | refinement=NO/none
    Case delta DualGraph-Raw = +100.00 pp | winner=DUAL_GRAPH
    Running micro-F1 after 120 case(s): Raw=33.07% | DualGraph=35.06%
    +--------------------------------------------------+
[121/875] 17759 · QA · clean
    - raw_direct: nano
    - source_graph: nano
    - response_graph: nano
    - alignment + complete-error-clause projection: nano
    +---------------- CASE PERFORMANCE ----------------+
    Gold       spans=[none]
    Raw        P=100.00% R=100.00% F1=100.00% | detect=OK | spans=[none]
    DualGraph  P=100.00% R=100.00% F1=100.00% | detect=OK | spans=[none]
    Compiler   claims=4 | sentences=2 | claims/sentence=2.00 | whole-sentence nodes=1 | fragments=0 | refinement=YES/local_node_patch
    Case delta DualGraph-Raw = +0.00 pp | winner=TIE
    Running micro-F1 after 121 case(s): Raw=33.07% | DualGraph=35.06%
    +--------------------------------------------------+
[122/875] 12469 · QA · clean
    - raw_direct: nano
    - source_graph: nano
    - response_graph: nano
    - alignment + complete-error-clause projection: nano
    +---------------- CASE PERFORMANCE ----------------+
    Gold       spans=[none]
    Raw        P=  0.00% R=  0.00% F1=  0.00% | detect=MISS | spans=[21:45] 'from an iPhone to iTunes' (unsupported); [637:663] 'from your iPhone to iTunes' (contradiction)
    DualGraph  P=  0.00% R=  0.00% F1=  0.00% | detect=MISS | spans=[574:664] 'After the sync is complete, the audiobooks will be transferred from your iPhone to iTunes.' (contradiction)
    Compiler   claims=11 | sentences=17 | claims/sentence=0.65 | whole-sentence nodes=6 | fragments=5 | refinement=YES/local_node_patch
    Case delta DualGraph-Raw = +0.00 pp | winner=TIE
    Running micro-F1 after 122 case(s): Raw=32.87% | DualGraph=34.52%
    +--------------------------------------------------+
[123/875] 14506 · QA · clean
    - raw_direct: nano
    - source_graph: nano
    - response_graph: nano
    - alignment + complete-error-clause projection: nano
    +---------------- CASE PERFORMANCE ----------------+
    Gold       spans=[none]
    Raw        P=  0.00% R=  0.00% F1=  0.00% | detect=MISS | spans=[153:168] 'built over time' (unsupported); [387:408] 'customer satisfaction' (unsupported); [467:501] 'positive word-of-mouth advertising' (unsupported); [669:685] 'intangible asset' (unsupported)
    DualGraph  P=100.00% R=100.00% F1=100.00% | detect=OK | spans=[none]
    Compiler   claims=12 | sentences=6 | claims/sentence=2.00 | whole-sentence nodes=1 | fragments=1 | refinement=YES/local_node_patch
    Case delta DualGraph-Raw = +100.00 pp | winner=DUAL_GRAPH
    Running micro-F1 after 123 case(s): Raw=32.54% | DualGraph=34.52%
    +--------------------------------------------------+
[124/875] 13233 · QA · clean
    - source_graph: cache hit
    - raw_direct: nano
    - response_graph: nano
    - alignment + complete-error-clause projection: nano
    +---------------- CASE PERFORMANCE ----------------+
    Gold       spans=[none]
    Raw        P=100.00% R=100.00% F1=100.00% | detect=OK | spans=[none]
    DualGraph  P=100.00% R=100.00% F1=100.00% | detect=OK | spans=[none]
    Compiler   claims=11 | sentences=15 | claims/sentence=0.73 | whole-sentence nodes=11 | fragments=0 | refinement=NO/none
    Case delta DualGraph-Raw = +0.00 pp | winner=TIE
    Running micro-F1 after 124 case(s): Raw=32.54% | DualGraph=34.52%
    +--------------------------------------------------+
[125/875] 13365 · QA · clean
    - source_graph: cache hit
    - raw_direct: nano
    - response_graph: nano
    - alignment + complete-error-clause projection: nano
    +---------------- CASE PERFORMANCE ----------------+
    Gold       spans=[none]
    Raw        P=  0.00% R=  0.00% F1=  0.00% | detect=MISS | spans=[683:724] 'Unable to answer based on given passages.' (unsupported)
    DualGraph  P=100.00% R=100.00% F1=100.00% | detect=OK | spans=[none]
    Compiler   claims=5 | sentences=10 | claims/sentence=0.50 | whole-sentence nodes=5 | fragments=0 | refinement=NO/none
    Case delta DualGraph-Raw = +100.00 pp | winner=DUAL_GRAPH
    Running micro-F1 after 125 case(s): Raw=32.38% | DualGraph=34.52%
    +--------------------------------------------------+
[126/875] 16881 · QA · hallucinated
    - raw_direct: nano
    - source_graph: nano
    - response_graph: nano
    - alignment + complete-error-clause projection: nano
    +---------------- CASE PERFORMANCE ----------------+
    Gold       spans=[368:485] 'This step is important as it helps prevent rot and ensures the potatoes have the best c...' (unsupported)
    Raw        P=100.00% R= 74.36% F1= 85.29% | detect=OK | spans=[397:484] 'helps prevent rot and ensures the potatoes have the best chance of growing successfully' (unsupported)
    DualGraph  P=  0.00% R=  0.00% F1=  0.00% | detect=MISS | spans=[none]
    Compiler   claims=18 | sentences=24 | claims/sentence=0.75 | whole-sentence nodes=11 | fragments=2 | refinement=YES/local_node_patch
    Case delta DualGraph-Raw = -85.29 pp | winner=RAW_DIRECT
    Running micro-F1 after 126 case(s): Raw=33.63% | DualGraph=33.83%
    +--------------------------------------------------+
[127/875] 15129 · QA · hallucinated
    - raw_direct: nano
    - source_graph: nano
    - response_graph: nano
    - alignment + complete-error-clause projection: nano
    - catch saved: dual_material_uplift → catch_candidates/cases/15129.json
    +---------------- CASE PERFORMANCE ----------------+
    Gold       spans=[79:338] '1. Use a people search website in France: There are websites specifically designed for ...' (unsupported)
    Raw        P= 18.42% R= 13.51% F1= 15.59% | detect=OK | spans=[200:235] 'http://www.peoplefinder.com/france/' (unsupported); [970:1011] 'Unable to answer based on given passages.' (contradiction); [1012:1126] 'The passages do not provide enough information to guide the user through the process of...' (contradiction)
    DualGraph  P= 39.45% R= 39.00% F1= 39.22% | detect=OK | spans=[192:235] 'such as http://www.peoplefinder.com/france/' (unsupported); [280:338] 'by entering their last name and other identifying details.' (unsupported); [970:1011] 'Unable to answer based on given passages.' (contradiction); [1012:1126] 'The passages do not provide enough information to guide the user through the process of...' (contradiction)
    Compiler   claims=9 | sentences=12 | claims/sentence=0.75 | whole-sentence nodes=9 | fragments=0 | refinement=NO/none
    Case delta DualGraph-Raw = +23.63 pp | winner=DUAL_GRAPH
    Running micro-F1 after 127 case(s): Raw=32.74% | DualGraph=34.27%
    +--------------------------------------------------+
[128/875] 17758 · QA · clean
    - source_graph: cache hit
    - raw_direct: nano
    - response_graph: nano
    - alignment + complete-error-clause projection: nano
    +---------------- CASE PERFORMANCE ----------------+
    Gold       spans=[none]
    Raw        P=100.00% R=100.00% F1=100.00% | detect=OK | spans=[none]
    DualGraph  P=100.00% R=100.00% F1=100.00% | detect=OK | spans=[none]
    Compiler   claims=13 | sentences=11 | claims/sentence=1.18 | whole-sentence nodes=0 | fragments=0 | refinement=YES/local_node_patch
    Case delta DualGraph-Raw = +0.00 pp | winner=TIE
    Running micro-F1 after 128 case(s): Raw=32.74% | DualGraph=34.27%
    +--------------------------------------------------+
[129/875] 12437 · QA · clean
    - raw_direct: nano
    - source_graph: nano
    - response_graph: nano
    - alignment + complete-error-clause projection: nano
    +---------------- CASE PERFORMANCE ----------------+
    Gold       spans=[none]
    Raw        P=100.00% R=100.00% F1=100.00% | detect=OK | spans=[none]
    DualGraph  P=100.00% R=100.00% F1=100.00% | detect=OK | spans=[none]
    Compiler   claims=8 | sentences=18 | claims/sentence=0.44 | whole-sentence nodes=0 | fragments=0 | refinement=YES/local_node_patch
    Case delta DualGraph-Raw = +0.00 pp | winner=TIE
    Running micro-F1 after 129 case(s): Raw=32.74% | DualGraph=34.27%
    +--------------------------------------------------+
[130/875] 14200 · QA · clean
    - raw_direct: nano
    - source_graph: nano
    - response_graph: nano
    - alignment + complete-error-clause projection: nano
    +---------------- CASE PERFORMANCE ----------------+
    Gold       spans=[none]
    Raw        P=  0.00% R=  0.00% F1=  0.00% | detect=MISS | spans=[785:804] 'more cost-effective' (unsupported); [847:874] 'when you turn on the faucet' (unsupported)
    DualGraph  P=100.00% R=100.00% F1=100.00% | detect=OK | spans=[none]
    Compiler   claims=7 | sentences=8 | claims/sentence=0.88 | whole-sentence nodes=4 | fragments=0 | refinement=YES/local_node_patch
    Case delta DualGraph-Raw = +100.00 pp | winner=DUAL_GRAPH
    Running micro-F1 after 130 case(s): Raw=32.57% | DualGraph=34.27%
    +--------------------------------------------------+
[131/875] 13153 · QA · clean
    - raw_direct: nano
    - source_graph: nano
    - response_graph: nano
    - alignment + complete-error-clause projection: nano
    +---------------- CASE PERFORMANCE ----------------+
    Gold       spans=[none]
    Raw        P=100.00% R=100.00% F1=100.00% | detect=OK | spans=[none]
    DualGraph  P=100.00% R=100.00% F1=100.00% | detect=OK | spans=[none]
    Compiler   claims=4 | sentences=3 | claims/sentence=1.33 | whole-sentence nodes=2 | fragments=0 | refinement=YES/local_node_patch
    Case delta DualGraph-Raw = +0.00 pp | winner=TIE
    Running micro-F1 after 131 case(s): Raw=32.57% | DualGraph=34.27%
    +--------------------------------------------------+
[132/875] 12296 · QA · clean
    - raw_direct: nano
    - source_graph: nano
    - response_graph: nano
    - alignment + complete-error-clause projection: nano
    +---------------- CASE PERFORMANCE ----------------+
    Gold       spans=[none]
    Raw        P=100.00% R=100.00% F1=100.00% | detect=OK | spans=[none]
    DualGraph  P=100.00% R=100.00% F1=100.00% | detect=OK | spans=[none]
    Compiler   claims=2 | sentences=1 | claims/sentence=2.00 | whole-sentence nodes=0 | fragments=0 | refinement=NO/none
    Case delta DualGraph-Raw = +0.00 pp | winner=TIE
    Running micro-F1 after 132 case(s): Raw=32.57% | DualGraph=34.27%
    +--------------------------------------------------+
[133/875] 14713 · QA · clean
    - raw_direct: nano
    - source_graph: nano
    - response_graph: nano
    - alignment + complete-error-clause projection: nano
    +---------------- CASE PERFORMANCE ----------------+
    Gold       spans=[none]
    Raw        P=100.00% R=100.00% F1=100.00% | detect=OK | spans=[none]
    DualGraph  P=100.00% R=100.00% F1=100.00% | detect=OK | spans=[none]
    Compiler   claims=0 | sentences=1 | claims/sentence=0.00 | whole-sentence nodes=0 | fragments=0 | refinement=YES/local_node_patch
    Case delta DualGraph-Raw = +0.00 pp | winner=TIE
    Running micro-F1 after 133 case(s): Raw=32.57% | DualGraph=34.27%
    +--------------------------------------------------+
[134/875] 12233 · QA · hallucinated
    - source_graph: cache hit
    - raw_direct: nano
    - response_graph: nano
    - alignment + complete-error-clause projection: nano
    +---------------- CASE PERFORMANCE ----------------+
    Gold       spans=[224:338] '* Providing a stronger stream of water to clean around the gum line, leaving the mouth ...' (contradiction)
    Raw        P=100.00% R=  7.02% F1= 13.11% | detect=OK | spans=[238:246] 'stronger' (unsupported)
    DualGraph  P=  0.00% R=  0.00% F1=  0.00% | detect=MISS | spans=[none]
    Compiler   claims=7 | sentences=5 | claims/sentence=1.40 | whole-sentence nodes=0 | fragments=0 | refinement=YES/local_node_patch
    Case delta DualGraph-Raw = -13.11 pp | winner=RAW_DIRECT
    Running micro-F1 after 134 case(s): Raw=32.32% | DualGraph=33.67%
    +--------------------------------------------------+
[135/875] 15774 · QA · clean
    - source_graph: cache hit
    - raw_direct: nano
    - response_graph: nano
    - alignment + complete-error-clause projection: nano
    +---------------- CASE PERFORMANCE ----------------+
    Gold       spans=[none]
    Raw        P=100.00% R=100.00% F1=100.00% | detect=OK | spans=[none]
    DualGraph  P=100.00% R=100.00% F1=100.00% | detect=OK | spans=[none]
    Compiler   claims=5 | sentences=5 | claims/sentence=1.00 | whole-sentence nodes=5 | fragments=0 | refinement=NO/none
    Case delta DualGraph-Raw = +0.00 pp | winner=TIE
    Running micro-F1 after 135 case(s): Raw=32.32% | DualGraph=33.67%
    +--------------------------------------------------+
[136/875] 12262 · QA · hallucinated
    - raw_direct: nano
    - source_graph: nano
    - response_graph: nano
    - alignment + complete-error-clause projection: nano
    +---------------- CASE PERFORMANCE ----------------+
    Gold       spans=[729:849] '4. Click on the "General" tab. 5. Under the "Web browsers" section, select "Use Firefox...' (unsupported)
    Raw        P= 64.94% R= 94.17% F1= 76.87% | detect=OK | spans=[732:759] 'Click on the "General" tab.' (unsupported); [763:849] 'Under the "Web browsers" section, select "Use Firefox as my default browser" checkbox.' (unsupported); [912:973] 'may not be applicable to all versions of Windows or browsers.' (unsupported)
    DualGraph  P=100.00% R= 94.17% F1= 97.00% | detect=OK | spans=[732:759] 'Click on the "General" tab.' (unsupported); [763:849] 'Under the "Web browsers" section, select "Use Firefox as my default browser" checkbox.' (unsupported)
    Compiler   claims=15 | sentences=24 | claims/sentence=0.62 | whole-sentence nodes=9 | fragments=6 | refinement=YES/local_node_patch
    Case delta DualGraph-Raw = +20.12 pp | winner=DUAL_GRAPH
    Running micro-F1 after 136 case(s): Raw=33.68% | DualGraph=35.85%
    +--------------------------------------------------+
[137/875] 14886 · QA · clean
    - raw_direct: nano
    - source_graph: nano
    - response_graph: nano
    - alignment + complete-error-clause projection: nano
    +---------------- CASE PERFORMANCE ----------------+
    Gold       spans=[none]
    Raw        P=  0.00% R=  0.00% F1=  0.00% | detect=MISS | spans=[230:262] 'need to use iPhone Data Recovery' (unsupported)
    DualGraph  P=100.00% R=100.00% F1=100.00% | detect=OK | spans=[none]
    Compiler   claims=3 | sentences=3 | claims/sentence=1.00 | whole-sentence nodes=3 | fragments=0 | refinement=NO/none
    Case delta DualGraph-Raw = +100.00 pp | winner=DUAL_GRAPH
    Running micro-F1 after 137 case(s): Raw=33.57% | DualGraph=35.85%
    +--------------------------------------------------+
[138/875] 13340 · QA · hallucinated
    - raw_direct: nano
    - source_graph: nano
    - response_graph: nano
    - alignment + complete-error-clause projection: nano
    +---------------- CASE PERFORMANCE ----------------+
    Gold       spans=[683:880] '4. Bonding: Elements are held together by covalent bonds, while compounds can have vari...' (unsupported)
    Raw        P= 60.34% R= 88.83% F1= 71.87% | detect=OK | spans=[386:427] 'compounds can have a variable composition' (contradiction); [544:618] 'separating compounds requires more complex methods like chemical reactions' (contradiction); [695:739] 'Elements are held together by covalent bonds' (unsupported); [747:822] 'compounds can have various types of bonds (covalent, ionic, metallic, etc.)' (unsupported); [824:880] 'Mixtures do not have any bonds between their components.' (unsupported)
    DualGraph  P= 30.27% R= 28.43% F1= 29.32% | detect=OK | spans=[380:428] 'while compounds can have a variable composition.' (contradiction); [538:619] 'while separating compounds requires more complex methods like chemical reactions.' (contradiction); [824:880] 'Mixtures do not have any bonds between their components.' (contradiction)
    Compiler   claims=13 | sentences=13 | claims/sentence=1.00 | whole-sentence nodes=4 | fragments=0 | refinement=NO/none
    Case delta DualGraph-Raw = -42.55 pp | winner=RAW_DIRECT
    Running micro-F1 after 138 case(s): Raw=35.42% | DualGraph=35.50%
    +--------------------------------------------------+
[139/875] 15969 · QA · clean
    - raw_direct: nano
    - source_graph: nano
    - response_graph: nano
    - alignment + complete-error-clause projection: nano
    +---------------- CASE PERFORMANCE ----------------+
    Gold       spans=[none]
    Raw        P=100.00% R=100.00% F1=100.00% | detect=OK | spans=[none]
    DualGraph  P=  0.00% R=  0.00% F1=  0.00% | detect=MISS | spans=[573:656] 'the passage does not provide specific cooking time recommendations for this method.' (unsupported)
    Compiler   claims=7 | sentences=6 | claims/sentence=1.17 | whole-sentence nodes=0 | fragments=0 | refinement=YES/local_node_patch
    Case delta DualGraph-Raw = -100.00 pp | winner=RAW_DIRECT
    Running micro-F1 after 139 case(s): Raw=35.42% | DualGraph=35.09%
    +--------------------------------------------------+
[140/875] 15708 · QA · clean
    - raw_direct: nano
    - source_graph: nano
    - response_graph: nano
    - alignment + complete-error-clause projection: nano
    +---------------- CASE PERFORMANCE ----------------+
    Gold       spans=[none]
    Raw        P=  0.00% R=  0.00% F1=  0.00% | detect=MISS | spans=[105:124] 'than sirloin steaks' (contradiction)
    DualGraph  P=100.00% R=100.00% F1=100.00% | detect=OK | spans=[none]
    Compiler   claims=4 | sentences=4 | claims/sentence=1.00 | whole-sentence nodes=3 | fragments=0 | refinement=NO/none
    Case delta DualGraph-Raw = +100.00 pp | winner=DUAL_GRAPH
    Running micro-F1 after 140 case(s): Raw=35.35% | DualGraph=35.09%
    +--------------------------------------------------+
[141/875] 12068 · QA · clean
    - source_graph: cache hit
    - raw_direct: nano
    - response_graph: nano
    - alignment + complete-error-clause projection: nano
    +---------------- CASE PERFORMANCE ----------------+
    Gold       spans=[none]
    Raw        P=100.00% R=100.00% F1=100.00% | detect=OK | spans=[none]
    DualGraph  P=100.00% R=100.00% F1=100.00% | detect=OK | spans=[none]
    Compiler   claims=6 | sentences=5 | claims/sentence=1.20 | whole-sentence nodes=2 | fragments=1 | refinement=YES/local_node_patch
    Case delta DualGraph-Raw = +0.00 pp | winner=TIE
    Running micro-F1 after 141 case(s): Raw=35.35% | DualGraph=35.09%
    +--------------------------------------------------+
[142/875] 15271 · QA · clean
    - raw_direct: nano
    - source_graph: nano
    - response_graph: nano
    - alignment + complete-error-clause projection: nano
    +---------------- CASE PERFORMANCE ----------------+
    Gold       spans=[none]
    Raw        P=100.00% R=100.00% F1=100.00% | detect=OK | spans=[none]
    DualGraph  P=100.00% R=100.00% F1=100.00% | detect=OK | spans=[none]
    Compiler   claims=5 | sentences=1 | claims/sentence=5.00 | whole-sentence nodes=0 | fragments=2 | refinement=YES/local_node_patch
    Case delta DualGraph-Raw = +0.00 pp | winner=TIE
    Running micro-F1 after 142 case(s): Raw=35.35% | DualGraph=35.09%
    +--------------------------------------------------+
[143/875] 12439 · QA · clean
    - source_graph: cache hit
    - raw_direct: nano
    - response_graph: nano
    - alignment + complete-error-clause projection: nano
    +---------------- CASE PERFORMANCE ----------------+
    Gold       spans=[none]
    Raw        P=100.00% R=100.00% F1=100.00% | detect=OK | spans=[none]
    DualGraph  P=100.00% R=100.00% F1=100.00% | detect=OK | spans=[none]
    Compiler   claims=7 | sentences=5 | claims/sentence=1.40 | whole-sentence nodes=2 | fragments=4 | refinement=YES/local_node_patch
    Case delta DualGraph-Raw = +0.00 pp | winner=TIE
    Running micro-F1 after 143 case(s): Raw=35.35% | DualGraph=35.09%
    +--------------------------------------------------+
[144/875] 16417 · QA · clean
    - raw_direct: nano
    - source_graph: nano
    - response_graph: nano
    - alignment + complete-error-clause projection: nano
    +---------------- CASE PERFORMANCE ----------------+
    Gold       spans=[none]
    Raw        P=  0.00% R=  0.00% F1=  0.00% | detect=MISS | spans=[84:129] 'does not mention how to draw a truncated cone' (contradiction); [333:344] 'in Geogebra' (unsupported); [504:515] 'in Geogebra' (unsupported); [558:627] 'it is not possible to answer how to draw a truncated cone in Geogebra' (unsupported)
    DualGraph  P=  0.00% R=  0.00% F1=  0.00% | detect=MISS | spans=[81:129] 'it does not mention how to draw a truncated cone' (contradiction)
    Compiler   claims=7 | sentences=6 | claims/sentence=1.17 | whole-sentence nodes=5 | fragments=0 | refinement=YES/local_node_patch
    Case delta DualGraph-Raw = +0.00 pp | winner=TIE
    Running micro-F1 after 144 case(s): Raw=34.88% | DualGraph=34.86%
    +--------------------------------------------------+
[145/875] 16116 · QA · clean
    - raw_direct: nano
    - source_graph: nano
    - response_graph: nano
    - alignment + complete-error-clause projection: nano
    +---------------- CASE PERFORMANCE ----------------+
    Gold       spans=[none]
    Raw        P=  0.00% R=  0.00% F1=  0.00% | detect=MISS | spans=[344:385] 'eliminate their access to food or shelter' (unsupported)
    DualGraph  P=100.00% R=100.00% F1=100.00% | detect=OK | spans=[none]
    Compiler   claims=9 | sentences=5 | claims/sentence=1.80 | whole-sentence nodes=3 | fragments=1 | refinement=YES/local_node_patch
    Case delta DualGraph-Raw = +100.00 pp | winner=DUAL_GRAPH
    Running micro-F1 after 145 case(s): Raw=34.74% | DualGraph=34.86%
    +--------------------------------------------------+
[146/875] 12842 · QA · hallucinated
    - raw_direct: nano
    - source_graph: nano
    - response_graph: nano
    - alignment + complete-error-clause projection: nano
    +---------------- CASE PERFORMANCE ----------------+
    Gold       spans=[1441:1511] '15. Add any additional decorative elements such as buttons or elastic.' (unsupported)
    Raw        P= 69.89% R= 92.86% F1= 79.75% | detect=OK | spans=[105:133] '2 gussets for each side seam' (contradiction); [1445:1510] 'Add any additional decorative elements such as buttons or elastic' (unsupported)
    DualGraph  P= 43.42% R= 94.29% F1= 59.46% | detect=OK | spans=[48:134] 'Divide the number of gussets needed in half, which means 2 gussets for each side seam.' (unsupported); [1445:1511] 'Add any additional decorative elements such as buttons or elastic.' (unsupported)
    Compiler   claims=18 | sentences=32 | claims/sentence=0.56 | whole-sentence nodes=14 | fragments=5 | refinement=YES/local_node_patch
    Case delta DualGraph-Raw = -20.30 pp | winner=RAW_DIRECT
    Running micro-F1 after 146 case(s): Raw=35.44% | DualGraph=35.59%
    +--------------------------------------------------+
[147/875] 13265 · QA · hallucinated
    - source_graph: cache hit
    - raw_direct: nano
    - response_graph: nano
    - alignment + complete-error-clause projection: nano
    +---------------- CASE PERFORMANCE ----------------+
    Gold       spans=[417:513] 'duration of the lease, payment amounts, and any responsibilities and obligations of bot...' (unsupported)
    Raw        P= 75.00% R=100.00% F1= 85.71% | detect=OK | spans=[68:86] 'firm or individual' (unsupported); [403:513] 'including the duration of the lease, payment amounts, and any responsibilities and obli...' (unsupported)
    DualGraph  P=  0.00% R=  0.00% F1=  0.00% | detect=OK | spans=[68:86] 'firm or individual' (unsupported)
    Compiler   claims=4 | sentences=3 | claims/sentence=1.33 | whole-sentence nodes=1 | fragments=1 | refinement=YES/local_node_patch
    Case delta DualGraph-Raw = -85.71 pp | winner=RAW_DIRECT
    Running micro-F1 after 147 case(s): Raw=36.50% | DualGraph=35.06%
    +--------------------------------------------------+
[148/875] 13290 · QA · clean
    - source_graph: cache hit
    - raw_direct: nano
    - response_graph: nano
    - alignment + complete-error-clause projection: nano
    +---------------- CASE PERFORMANCE ----------------+
    Gold       spans=[none]
    Raw        P=100.00% R=100.00% F1=100.00% | detect=OK | spans=[none]
    DualGraph  P=100.00% R=100.00% F1=100.00% | detect=OK | spans=[none]
    Compiler   claims=14 | sentences=6 | claims/sentence=2.33 | whole-sentence nodes=9 | fragments=1 | refinement=YES/local_node_patch
    Case delta DualGraph-Raw = +0.00 pp | winner=TIE
    Running micro-F1 after 148 case(s): Raw=36.50% | DualGraph=35.06%
    +--------------------------------------------------+
[149/875] 12557 · QA · clean
    - raw_direct: nano
    - source_graph: nano
    - response_graph: nano
    - alignment + complete-error-clause projection: nano
    +---------------- CASE PERFORMANCE ----------------+
    Gold       spans=[none]
    Raw        P=  0.00% R=  0.00% F1=  0.00% | detect=MISS | spans=[530:544] ', if necessary' (unsupported)
    DualGraph  P=100.00% R=100.00% F1=100.00% | detect=OK | spans=[none]
    Compiler   claims=6 | sentences=12 | claims/sentence=0.50 | whole-sentence nodes=6 | fragments=0 | refinement=NO/none
    Case delta DualGraph-Raw = +100.00 pp | winner=DUAL_GRAPH
    Running micro-F1 after 149 case(s): Raw=36.45% | DualGraph=35.06%
    +--------------------------------------------------+
[150/875] 13040 · QA · clean
    - source_graph: cache hit
    - raw_direct: nano
    - response_graph: nano
    - alignment + complete-error-clause projection: nano
    +---------------- CASE PERFORMANCE ----------------+
    Gold       spans=[none]
    Raw        P=  0.00% R=  0.00% F1=  0.00% | detect=MISS | spans=[247:289] 'From the menu, choose "Factory Data Reset"' (contradiction); [352:400] 'Confirm the reset by pressing "Erase Everything"' (contradiction); [405:451] 'Release all keys when the process is complete.' (contradiction)
    DualGraph  P=  0.00% R=  0.00% F1=  0.00% | detect=MISS | spans=[247:348] 'From the menu, choose "Factory Data Reset" by using Volume buttons to scroll and Power ...' (unsupported)
    Compiler   claims=5 | sentences=11 | claims/sentence=0.46 | whole-sentence nodes=4 | fragments=0 | refinement=YES/local_node_patch
    Case delta DualGraph-Raw = +0.00 pp | winner=TIE
    Running micro-F1 after 150 case(s): Raw=35.99% | DualGraph=34.60%
    +--------------------------------------------------+
[151/875] 16891 · QA · clean
    - source_graph: cache hit
    - raw_direct: nano
    - response_graph: nano
    - alignment + complete-error-clause projection: nano
    +---------------- CASE PERFORMANCE ----------------+
    Gold       spans=[none]
    Raw        P=100.00% R=100.00% F1=100.00% | detect=OK | spans=[none]
    DualGraph  P=100.00% R=100.00% F1=100.00% | detect=OK | spans=[none]
    Compiler   claims=5 | sentences=4 | claims/sentence=1.25 | whole-sentence nodes=3 | fragments=0 | refinement=NO/none
    Case delta DualGraph-Raw = +0.00 pp | winner=TIE
    Running micro-F1 after 151 case(s): Raw=35.99% | DualGraph=34.60%
    +--------------------------------------------------+
[152/875] 16882 · QA · clean
    - source_graph: cache hit
    - raw_direct: nano
    - response_graph: nano
    - alignment + complete-error-clause projection: nano
    +---------------- CASE PERFORMANCE ----------------+
    Gold       spans=[none]
    Raw        P=  0.00% R=  0.00% F1=  0.00% | detect=MISS | spans=[314:327] 'well-draining' (unsupported); [733:741] 'watering' (contradiction)
    DualGraph  P=  0.00% R=  0.00% F1=  0.00% | detect=MISS | spans=[269:369] 'Plant the potato chunks or whole potatoes in well-draining soil, spacing them 24 to 36 ...' (unsupported); [725:741] 'such as watering' (contradiction)
    Compiler   claims=7 | sentences=12 | claims/sentence=0.58 | whole-sentence nodes=5 | fragments=2 | refinement=YES/local_node_patch
    Case delta DualGraph-Raw = +0.00 pp | winner=TIE
    Running micro-F1 after 152 case(s): Raw=35.92% | DualGraph=34.09%
    +--------------------------------------------------+
[153/875] 12023 · QA · clean
    - raw_direct: nano
    - source_graph: nano
    - response_graph: nano
    - alignment + complete-error-clause projection: nano
    +---------------- CASE PERFORMANCE ----------------+
    Gold       spans=[none]
    Raw        P=100.00% R=100.00% F1=100.00% | detect=OK | spans=[none]
    DualGraph  P=100.00% R=100.00% F1=100.00% | detect=OK | spans=[none]
    Compiler   claims=7 | sentences=3 | claims/sentence=2.33 | whole-sentence nodes=0 | fragments=2 | refinement=YES/local_node_patch
    Case delta DualGraph-Raw = +0.00 pp | winner=TIE
    Running micro-F1 after 153 case(s): Raw=35.92% | DualGraph=34.09%
    +--------------------------------------------------+
[154/875] 15933 · QA · clean
    - source_graph: cache hit
    - raw_direct: nano
    - response_graph: nano
    - alignment + complete-error-clause projection: nano
    +---------------- CASE PERFORMANCE ----------------+
    Gold       spans=[none]
    Raw        P=  0.00% R=  0.00% F1=  0.00% | detect=MISS | spans=[189:236] 'equality among individuals and groups worldwide' (unsupported); [284:362] 'requires that all individuals have equal access to resources and opportunities' (unsupported); [894:923] 'more wealth and opportunities' (unsupported); [966:999] 'major challenge to global justice' (unsupported); [1547:1565] 'achieving equality' (unsupported)
    DualGraph  P=  0.00% R=  0.00% F1=  0.00% | detect=MISS | spans=[269:416] 'global justice requires that all individuals have equal access to resources and opportu...' (unsupported)
    Compiler   claims=14 | sentences=10 | claims/sentence=1.40 | whole-sentence nodes=4 | fragments=3 | refinement=YES/local_node_patch
    Case delta DualGraph-Raw = +0.00 pp | winner=TIE
    Running micro-F1 after 154 case(s): Raw=35.26% | DualGraph=33.46%
    +--------------------------------------------------+
[155/875] 15204 · QA · clean
    - source_graph: cache hit
    - raw_direct: nano
    - response_graph: nano
    - alignment + complete-error-clause projection: nano
    +---------------- CASE PERFORMANCE ----------------+
    Gold       spans=[none]
    Raw        P=  0.00% R=  0.00% F1=  0.00% | detect=MISS | spans=[565:593] 'infringement on their rights' (unsupported); [607:647] 'no colonial representation in Parliament' (unsupported); [703:717] 'became popular' (unsupported)
    DualGraph  P=100.00% R=100.00% F1=100.00% | detect=OK | spans=[none]
    Compiler   claims=6 | sentences=6 | claims/sentence=1.00 | whole-sentence nodes=6 | fragments=0 | refinement=NO/none
    Case delta DualGraph-Raw = +100.00 pp | winner=DUAL_GRAPH
    Running micro-F1 after 155 case(s): Raw=35.00% | DualGraph=33.46%
    +--------------------------------------------------+
[156/875] 12107 · QA · clean
    - source_graph: cache hit
    - raw_direct: nano
    - response_graph: nano
    - alignment + complete-error-clause projection: nano
    +---------------- CASE PERFORMANCE ----------------+
    Gold       spans=[none]
    Raw        P=  0.00% R=  0.00% F1=  0.00% | detect=MISS | spans=[805:871] 'seek further assistance from a professional locksmith or carpenter' (unsupported)
    DualGraph  P=100.00% R=100.00% F1=100.00% | detect=OK | spans=[none]
    Compiler   claims=11 | sentences=13 | claims/sentence=0.85 | whole-sentence nodes=11 | fragments=6 | refinement=YES/local_node_patch
    Case delta DualGraph-Raw = +100.00 pp | winner=DUAL_GRAPH
    Running micro-F1 after 156 case(s): Raw=34.79% | DualGraph=33.46%
    +--------------------------------------------------+
[157/875] 14860 · QA · hallucinated
    - source_graph: cache hit
    - raw_direct: nano
    - response_graph: nano
    - alignment + complete-error-clause projection: nano
    +---------------- CASE PERFORMANCE ----------------+
    Gold       spans=[393:544] "However, it's important to note that breeding is not a guaranteed process, and you may ..." (unsupported); [861:1159] "Finally, it's important to note that the breeding process can be affected by the elemen..." (unsupported)
    Raw        P= 60.62% R= 26.06% F1= 36.45% | detect=OK | spans=[591:627] 'Shugabeats is a Generation 2 monster' (unsupported); [729:769] "If you don't have a Generation 1 monster" (unsupported); [898:977] 'the breeding process can be affected by the elements of the monsters being bred' (unsupported); [996:1034] 'Shugabeats possesses the Water element' (unsupported)
    DualGraph  P= 80.10% R= 35.86% F1= 49.54% | detect=OK | spans=[587:627] 'the Shugabeats is a Generation 2 monster' (unsupported); [992:1034] 'the Shugabeats possesses the Water element' (unsupported); [1039:1158] 'breeding it with a monster that has the Water element will increase the chances of gett...' (unsupported)
    Compiler   claims=10 | sentences=9 | claims/sentence=1.11 | whole-sentence nodes=2 | fragments=0 | refinement=YES/local_node_patch
    Case delta DualGraph-Raw = +13.09 pp | winner=DUAL_GRAPH
    Running micro-F1 after 157 case(s): Raw=34.88% | DualGraph=34.67%
    +--------------------------------------------------+
[158/875] 17054 · QA · clean
    - raw_direct: nano
    - source_graph: nano
    - response_graph: nano
    - alignment + complete-error-clause projection: nano
    +---------------- CASE PERFORMANCE ----------------+
    Gold       spans=[none]
    Raw        P=100.00% R=100.00% F1=100.00% | detect=OK | spans=[none]
    DualGraph  P=100.00% R=100.00% F1=100.00% | detect=OK | spans=[none]
    Compiler   claims=5 | sentences=3 | claims/sentence=1.67 | whole-sentence nodes=0 | fragments=1 | refinement=YES/local_node_patch
    Case delta DualGraph-Raw = +0.00 pp | winner=TIE
    Running micro-F1 after 158 case(s): Raw=34.88% | DualGraph=34.67%
    +--------------------------------------------------+
[159/875] 16155 · QA · hallucinated
    - source_graph: cache hit
    - raw_direct: nano
    - response_graph: nano
    - alignment + complete-error-clause projection: nano
    +---------------- CASE PERFORMANCE ----------------+
    Gold       spans=[320:562] 'This suggests that the allocation of delegates is not solely determined by a simple maj...' (unsupported)
    Raw        P= 61.46% R= 24.38% F1= 34.91% | detect=OK | spans=[32:69] 'Republicans use a proportional method' (unsupported); [370:417] 'not solely determined by a simple majority vote' (unsupported); [549:561] 'Proportional' (unsupported)
    DualGraph  P= 29.93% R= 18.18% F1= 22.62% | detect=OK | spans=[32:135] 'Republicans use a proportional method to allocate delegates in their presidential nomin...' (unsupported); [518:562] 'the answer to the question is: Proportional.' (unsupported)
    Compiler   claims=5 | sentences=4 | claims/sentence=1.25 | whole-sentence nodes=0 | fragments=2 | refinement=YES/local_node_patch
    Case delta DualGraph-Raw = -12.29 pp | winner=RAW_DIRECT
    Running micro-F1 after 159 case(s): Raw=34.88% | DualGraph=34.15%
    +--------------------------------------------------+
[160/875] 15684 · QA · clean
    - source_graph: cache hit
    - raw_direct: nano
    - response_graph: nano
    - alignment + complete-error-clause projection: nano
    +---------------- CASE PERFORMANCE ----------------+
    Gold       spans=[none]
    Raw        P=  0.00% R=  0.00% F1=  0.00% | detect=MISS | spans=[190:203] 'fruits, nuts,' (unsupported)
    DualGraph  P=  0.00% R=  0.00% F1=  0.00% | detect=MISS | spans=[173:254] 'Various types of fruits, nuts, herbs, and mushrooms grow on the rainforest floor.' (unsupported)
    Compiler   claims=4 | sentences=4 | claims/sentence=1.00 | whole-sentence nodes=4 | fragments=2 | refinement=YES/local_node_patch
    Case delta DualGraph-Raw = +0.00 pp | winner=TIE
    Running micro-F1 after 160 case(s): Raw=34.85% | DualGraph=33.85%
    +--------------------------------------------------+
[161/875] 16060 · QA · hallucinated
    - source_graph: cache hit
    - raw_direct: nano
    - response_graph: nano
    - alignment + complete-error-clause projection: nano
    +---------------- CASE PERFORMANCE ----------------+
    Gold       spans=[186:300] 'This will allow your player to perform various skill moves such as flip fouls, step-ove...' (unsupported)
    Raw        P= 58.97% R= 40.35% F1= 47.92% | detect=OK | spans=[253:299] 'flip fouls, step-overs, and heel-to-heel turns' (unsupported); [393:409] 'official website' (unsupported); [561:577] 'official website' (unsupported)
    DualGraph  P= 42.07% R=100.00% F1= 59.22% | detect=OK | spans=[89:185] 'To execute a skill move while standing, press and hold the LT button and then tap the R...' (unsupported); [186:300] 'This will allow your player to perform various skill moves such as flip fouls, step-ove...' (unsupported); [377:409] 'by visiting the official website' (unsupported); [548:577] 'found on the official website' (unsupported)
    Compiler   claims=4 | sentences=5 | claims/sentence=0.80 | whole-sentence nodes=4 | fragments=0 | refinement=YES/local_node_patch
    Case delta DualGraph-Raw = +11.30 pp | winner=DUAL_GRAPH
    Running micro-F1 after 161 case(s): Raw=35.05% | DualGraph=34.87%
    +--------------------------------------------------+
[162/875] 12764 · QA · clean
    - raw_direct: nano
    - source_graph: nano
    - response_graph: nano
    - alignment + complete-error-clause projection: nano
    +---------------- CASE PERFORMANCE ----------------+
    Gold       spans=[none]
    Raw        P=  0.00% R=  0.00% F1=  0.00% | detect=MISS | spans=[180:210] 'opening work-in-progress (WDV)' (unsupported)
    DualGraph  P=100.00% R=100.00% F1=100.00% | detect=OK | spans=[none]
    Compiler   claims=3 | sentences=3 | claims/sentence=1.00 | whole-sentence nodes=1 | fragments=0 | refinement=NO/none
    Case delta DualGraph-Raw = +100.00 pp | winner=DUAL_GRAPH
    Running micro-F1 after 162 case(s): Raw=34.96% | DualGraph=34.87%
    +--------------------------------------------------+
[163/875] 15728 · QA · hallucinated
    - source_graph: cache hit
    - raw_direct: nano
    - response_graph: nano
    - alignment + complete-error-clause projection: nano
    - catch saved: dual_material_uplift → catch_candidates/cases/15728.json
    +---------------- CASE PERFORMANCE ----------------+
    Gold       spans=[230:341] 'For example, if the highest number in the game is 55 and your ticket number is 47, then...' (unsupported)
    Raw        P= 18.88% R= 24.32% F1= 21.26% | detect=OK | spans=[12:27] 'games of chance' (unsupported); [127:228] 'where the winner is determined by subtracting their ticket number from the highest numb...' (unsupported); [313:340] 'then you would win the game' (unsupported)
    DualGraph  P= 50.52% R= 87.39% F1= 64.03% | detect=OK | spans=[133:228] 'the winner is determined by subtracting their ticket number from the highest number in ...' (unsupported); [243:340] 'if the highest number in the game is 55 and your ticket number is 47, then you would wi...' (unsupported)
    Compiler   claims=13 | sentences=10 | claims/sentence=1.30 | whole-sentence nodes=11 | fragments=1 | refinement=YES/local_node_patch
    Case delta DualGraph-Raw = +42.77 pp | winner=DUAL_GRAPH
    Running micro-F1 after 163 case(s): Raw=34.69% | DualGraph=35.78%
    +--------------------------------------------------+
[164/875] 12297 · QA · hallucinated
    - source_graph: cache hit
    - raw_direct: nano
    - response_graph: nano
    - alignment + complete-error-clause projection: nano
    +---------------- CASE PERFORMANCE ----------------+
    Gold       spans=[263:483] '2. Burn the flag in a proper ceremony. If you are able to personally discharge your wor...' (contradiction)
    Raw        P=  0.00% R=  0.00% F1=  0.00% | detect=OK | spans=[552:608] 'burning it in a peaceful manner during a proper ceremony' (unsupported)
    DualGraph  P=  0.00% R=  0.00% F1=  0.00% | detect=MISS | spans=[none]
    Compiler   claims=7 | sentences=11 | claims/sentence=0.64 | whole-sentence nodes=5 | fragments=2 | refinement=YES/local_node_patch
    Case delta DualGraph-Raw = +0.00 pp | winner=TIE
    Running micro-F1 after 164 case(s): Raw=33.95% | DualGraph=34.99%
    +--------------------------------------------------+
[165/875] 12523 · QA · clean
    - raw_direct: nano
    - source_graph: nano
    - response_graph: nano
    - alignment + complete-error-clause projection: nano
    +---------------- CASE PERFORMANCE ----------------+
    Gold       spans=[none]
    Raw        P=100.00% R=100.00% F1=100.00% | detect=OK | spans=[none]
    DualGraph  P=100.00% R=100.00% F1=100.00% | detect=OK | spans=[none]
    Compiler   claims=6 | sentences=3 | claims/sentence=2.00 | whole-sentence nodes=0 | fragments=0 | refinement=NO/none
    Case delta DualGraph-Raw = +0.00 pp | winner=TIE
    Running micro-F1 after 165 case(s): Raw=33.95% | DualGraph=34.99%
    +--------------------------------------------------+
[166/875] 17059 · QA · clean
    - raw_direct: nano
    - source_graph: nano
    - response_graph: nano
    - alignment + complete-error-clause projection: nano
    +---------------- CASE PERFORMANCE ----------------+
    Gold       spans=[none]
    Raw        P=100.00% R=100.00% F1=100.00% | detect=OK | spans=[none]
    DualGraph  P=100.00% R=100.00% F1=100.00% | detect=OK | spans=[none]
    Compiler   claims=4 | sentences=2 | claims/sentence=2.00 | whole-sentence nodes=1 | fragments=0 | refinement=YES/local_node_patch
    Case delta DualGraph-Raw = +0.00 pp | winner=TIE
    Running micro-F1 after 166 case(s): Raw=33.95% | DualGraph=34.99%
    +--------------------------------------------------+
[167/875] 12263 · QA · clean
    - source_graph: cache hit
    - raw_direct: nano
    - response_graph: nano
    - alignment + complete-error-clause projection: nano
    +---------------- CASE PERFORMANCE ----------------+
    Gold       spans=[none]
    Raw        P=100.00% R=100.00% F1=100.00% | detect=OK | spans=[none]
    DualGraph  P=100.00% R=100.00% F1=100.00% | detect=OK | spans=[none]
    Compiler   claims=13 | sentences=22 | claims/sentence=0.59 | whole-sentence nodes=8 | fragments=6 | refinement=YES/local_node_patch
    Case delta DualGraph-Raw = +0.00 pp | winner=TIE
    Running micro-F1 after 167 case(s): Raw=33.95% | DualGraph=34.99%
    +--------------------------------------------------+
[168/875] 12241 · QA · clean
    - raw_direct: nano
    - source_graph: nano
    - response_graph: nano
    - alignment + complete-error-clause projection: nano
    +---------------- CASE PERFORMANCE ----------------+
    Gold       spans=[none]
    Raw        P=  0.00% R=  0.00% F1=  0.00% | detect=MISS | spans=[288:306] 'any light fixtures' (unsupported); [431:464] 'as they perceive it as a predator' (unsupported)
    DualGraph  P=100.00% R=100.00% F1=100.00% | detect=OK | spans=[none]
    Compiler   claims=5 | sentences=5 | claims/sentence=1.00 | whole-sentence nodes=4 | fragments=0 | refinement=NO/none
    Case delta DualGraph-Raw = +100.00 pp | winner=DUAL_GRAPH
    Running micro-F1 after 168 case(s): Raw=33.82% | DualGraph=34.99%
    +--------------------------------------------------+
[169/875] 13291 · QA · clean
    - source_graph: cache hit
    - raw_direct: nano
    - response_graph: nano
    - alignment + complete-error-clause projection: nano
    +---------------- CASE PERFORMANCE ----------------+
    Gold       spans=[none]
    Raw        P=100.00% R=100.00% F1=100.00% | detect=OK | spans=[none]
    DualGraph  P=100.00% R=100.00% F1=100.00% | detect=OK | spans=[none]
    Compiler   claims=3 | sentences=3 | claims/sentence=1.00 | whole-sentence nodes=3 | fragments=0 | refinement=NO/none
    Case delta DualGraph-Raw = +0.00 pp | winner=TIE
    Running micro-F1 after 169 case(s): Raw=33.82% | DualGraph=34.99%
    +--------------------------------------------------+
[170/875] 15103 · QA · clean
    - source_graph: cache hit
    - raw_direct: nano
    - response_graph: nano
    - alignment + complete-error-clause projection: nano
    +---------------- CASE PERFORMANCE ----------------+
    Gold       spans=[none]
    Raw        P=  0.00% R=  0.00% F1=  0.00% | detect=MISS | spans=[421:437] 'and rinse it off' (unsupported)
    DualGraph  P=100.00% R=100.00% F1=100.00% | detect=OK | spans=[none]
    Compiler   claims=6 | sentences=6 | claims/sentence=1.00 | whole-sentence nodes=6 | fragments=1 | refinement=YES/local_node_patch
    Case delta DualGraph-Raw = +100.00 pp | winner=DUAL_GRAPH
    Running micro-F1 after 170 case(s): Raw=33.78% | DualGraph=34.99%
    +--------------------------------------------------+
[171/875] 12694 · QA · hallucinated
    - source_graph: cache hit
    - raw_direct: nano
    - response_graph: nano
    - alignment + complete-error-clause projection: nano
    - catch saved: dual_material_uplift → catch_candidates/cases/12694.json
    +---------------- CASE PERFORMANCE ----------------+
    Gold       spans=[270:404] 'In contrast, the education system in India is not as equitable, with poorer children fa...' (unsupported)
    Raw        P= 53.19% R= 18.66% F1= 27.62% | detect=OK | spans=[307:332] 'India is not as equitable' (unsupported); [568:590] 'for over two centuries' (unsupported)
    DualGraph  P= 74.42% R= 47.76% F1= 58.18% | detect=OK | spans=[339:403] 'poorer children facing challenges in accessing quality education' (unsupported); [568:590] 'for over two centuries' (unsupported)
    Compiler   claims=11 | sentences=11 | claims/sentence=1.00 | whole-sentence nodes=0 | fragments=1 | refinement=YES/local_node_patch
    Case delta DualGraph-Raw = +30.56 pp | winner=DUAL_GRAPH
    Running micro-F1 after 171 case(s): Raw=33.69% | DualGraph=35.49%
    +--------------------------------------------------+
[172/875] 12527 · QA · clean
    - source_graph: cache hit
    - raw_direct: nano
    - response_graph: nano
    - alignment + complete-error-clause projection: nano
    +---------------- CASE PERFORMANCE ----------------+
    Gold       spans=[none]
    Raw        P=  0.00% R=  0.00% F1=  0.00% | detect=MISS | spans=[471:509] 'located northwest of the Caribbean Sea' (unsupported)
    DualGraph  P=  0.00% R=  0.00% F1=  0.00% | detect=MISS | spans=[441:510] 'while the Leeward Islands are located northwest of the Caribbean Sea.' (unsupported)
    Compiler   claims=7 | sentences=3 | claims/sentence=2.33 | whole-sentence nodes=0 | fragments=0 | refinement=NO/none
    Case delta DualGraph-Raw = +0.00 pp | winner=TIE
    Running micro-F1 after 172 case(s): Raw=33.60% | DualGraph=35.25%
    +--------------------------------------------------+
[173/875] 14057 · QA · clean
    - source_graph: cache hit
    - raw_direct: nano
    - response_graph: nano
    - alignment + complete-error-clause projection: nano
    +---------------- CASE PERFORMANCE ----------------+
    Gold       spans=[none]
    Raw        P=100.00% R=100.00% F1=100.00% | detect=OK | spans=[none]
    DualGraph  P=100.00% R=100.00% F1=100.00% | detect=OK | spans=[none]
    Compiler   claims=11 | sentences=12 | claims/sentence=0.92 | whole-sentence nodes=5 | fragments=6 | refinement=YES/local_node_patch
    Case delta DualGraph-Raw = +0.00 pp | winner=TIE
    Running micro-F1 after 173 case(s): Raw=33.60% | DualGraph=35.25%
    +--------------------------------------------------+
[174/875] 15733 · QA · clean
    - raw_direct: nano
    - source_graph: nano
    - response_graph: nano
    - alignment + complete-error-clause projection: nano
    +---------------- CASE PERFORMANCE ----------------+
    Gold       spans=[none]
    Raw        P=  0.00% R=  0.00% F1=  0.00% | detect=MISS | spans=[88:106] 'degrees Fahrenheit' (unsupported)
    DualGraph  P=100.00% R=100.00% F1=100.00% | detect=OK | spans=[none]
    Compiler   claims=2 | sentences=1 | claims/sentence=2.00 | whole-sentence nodes=0 | fragments=0 | refinement=NO/none
    Case delta DualGraph-Raw = +100.00 pp | winner=DUAL_GRAPH
    Running micro-F1 after 174 case(s): Raw=33.55% | DualGraph=35.25%
    +--------------------------------------------------+
[175/875] 16561 · QA · clean
    - source_graph: cache hit
    - raw_direct: nano
    - response_graph: nano
    - alignment + complete-error-clause projection: nano
    +---------------- CASE PERFORMANCE ----------------+
    Gold       spans=[none]
    Raw        P=100.00% R=100.00% F1=100.00% | detect=OK | spans=[none]
    DualGraph  P=100.00% R=100.00% F1=100.00% | detect=OK | spans=[none]
    Compiler   claims=8 | sentences=6 | claims/sentence=1.33 | whole-sentence nodes=3 | fragments=3 | refinement=YES/local_node_patch
    Case delta DualGraph-Raw = +0.00 pp | winner=TIE
    Running micro-F1 after 175 case(s): Raw=33.55% | DualGraph=35.25%
    +--------------------------------------------------+
[176/875] 14688 · QA · clean
    - raw_direct: nano
    - source_graph: nano
    - response_graph: nano
    - alignment + complete-error-clause projection: nano
    +---------------- CASE PERFORMANCE ----------------+
    Gold       spans=[none]
    Raw        P=  0.00% R=  0.00% F1=  0.00% | detect=MISS | spans=[476:509] 'then apply another layer of stain' (unsupported); [677:690] 'over the wood' (unsupported)
    DualGraph  P=100.00% R=100.00% F1=100.00% | detect=OK | spans=[none]
    Compiler   claims=13 | sentences=7 | claims/sentence=1.86 | whole-sentence nodes=3 | fragments=8 | refinement=YES/local_node_patch
    Case delta DualGraph-Raw = +100.00 pp | winner=DUAL_GRAPH
    Running micro-F1 after 176 case(s): Raw=33.43% | DualGraph=35.25%
    +--------------------------------------------------+
[177/875] 13308 · QA · clean
    - raw_direct: nano
    - source_graph: nano
    - response_graph: nano
    - alignment + complete-error-clause projection: nano
    +---------------- CASE PERFORMANCE ----------------+
    Gold       spans=[none]
    Raw        P=100.00% R=100.00% F1=100.00% | detect=OK | spans=[none]
    DualGraph  P=100.00% R=100.00% F1=100.00% | detect=OK | spans=[none]
    Compiler   claims=8 | sentences=6 | claims/sentence=1.33 | whole-sentence nodes=4 | fragments=0 | refinement=YES/local_node_patch
    Case delta DualGraph-Raw = +0.00 pp | winner=TIE
    Running micro-F1 after 177 case(s): Raw=33.43% | DualGraph=35.25%
    +--------------------------------------------------+
[178/875] 15713 · QA · hallucinated
    - source_graph: cache hit
    - raw_direct: nano
    - response_graph: nano
    - alignment + complete-error-clause projection: nano
    +---------------- CASE PERFORMANCE ----------------+
    Gold       spans=[167:215] 'which makes it more expensive than sirloin steak' (unsupported)
    Raw        P= 31.73% R= 68.75% F1= 43.42% | detect=OK | spans=[29:100] 'the main difference between sirloin steak and porterhouse steak is that' (unsupported); [182:215] 'more expensive than sirloin steak' (unsupported)
    DualGraph  P=100.00% R= 68.75% F1= 81.48% | detect=OK | spans=[182:215] 'more expensive than sirloin steak' (unsupported)
    Compiler   claims=3 | sentences=4 | claims/sentence=0.75 | whole-sentence nodes=0 | fragments=0 | refinement=NO/none
    Case delta DualGraph-Raw = +38.06 pp | winner=DUAL_GRAPH
    Running micro-F1 after 178 case(s): Raw=33.55% | DualGraph=35.61%
    +--------------------------------------------------+
[179/875] 12243 · QA · clean
    - source_graph: cache hit
    - raw_direct: nano
    - response_graph: nano
    - alignment + complete-error-clause projection: nano
    +---------------- CASE PERFORMANCE ----------------+
    Gold       spans=[none]
    Raw        P=100.00% R=100.00% F1=100.00% | detect=OK | spans=[none]
    DualGraph  P=  0.00% R=  0.00% F1=  0.00% | detect=MISS | spans=[325:359] 'are made from flammable materials,' (unsupported)
    Compiler   claims=15 | sentences=15 | claims/sentence=1.00 | whole-sentence nodes=4 | fragments=1 | refinement=YES/local_node_patch
    Case delta DualGraph-Raw = -100.00 pp | winner=RAW_DIRECT
    Running micro-F1 after 179 case(s): Raw=33.55% | DualGraph=35.50%
    +--------------------------------------------------+
[180/875] 14283 · QA · hallucinated
    - source_graph: cache hit
    - raw_direct: nano
    - response_graph: nano
    - alignment + complete-error-clause projection: nano
    +---------------- CASE PERFORMANCE ----------------+
    Gold       spans=[678:785] 'which suggests that the cost of other materials and labor for a second floor installati...' (unsupported); [1062:1146] 'which could be used as a rough estimate for the cost of a second floor installation.' (unsupported)
    Raw        P= 56.92% R= 96.86% F1= 71.71% | detect=OK | spans=[678:785] 'which suggests that the cost of other materials and labor for a second floor installati...' (unsupported); [1068:1146] 'could be used as a rough estimate for the cost of a second floor installation.' (unsupported); [1208:1329] 'it is difficult to give an exact answer to the question without additional context or d...' (unsupported); [1400:1419] 'please let me know.' (unsupported)
    DualGraph  P=  0.00% R=  0.00% F1=  0.00% | detect=OK | spans=[86:129] 'can range from $100 to $400 per square foot' (unsupported)
    Compiler   claims=13 | sentences=8 | claims/sentence=1.62 | whole-sentence nodes=1 | fragments=1 | refinement=YES/local_node_patch
    Case delta DualGraph-Raw = -71.71 pp | winner=RAW_DIRECT
    Running micro-F1 after 180 case(s): Raw=34.95% | DualGraph=34.72%
    +--------------------------------------------------+
[181/875] 16771 · QA · clean
    - raw_direct: nano
    - source_graph: nano
    - response_graph: nano
    - alignment + complete-error-clause projection: nano
    +---------------- CASE PERFORMANCE ----------------+
    Gold       spans=[none]
    Raw        P=100.00% R=100.00% F1=100.00% | detect=OK | spans=[none]
    DualGraph  P=100.00% R=100.00% F1=100.00% | detect=OK | spans=[none]
    Compiler   claims=17 | sentences=17 | claims/sentence=1.00 | whole-sentence nodes=4 | fragments=2 | refinement=YES/local_node_patch
    Case delta DualGraph-Raw = +0.00 pp | winner=TIE
    Running micro-F1 after 181 case(s): Raw=34.95% | DualGraph=34.72%
    +--------------------------------------------------+
[182/875] 13069 · QA · clean
    - source_graph: cache hit
    - raw_direct: nano
    - response_graph: nano
    - alignment + complete-error-clause projection: nano
    +---------------- CASE PERFORMANCE ----------------+
    Gold       spans=[none]
    Raw        P=100.00% R=100.00% F1=100.00% | detect=OK | spans=[none]
    DualGraph  P=100.00% R=100.00% F1=100.00% | detect=OK | spans=[none]
    Compiler   claims=3 | sentences=3 | claims/sentence=1.00 | whole-sentence nodes=3 | fragments=1 | refinement=YES/local_node_patch
    Case delta DualGraph-Raw = +0.00 pp | winner=TIE
    Running micro-F1 after 182 case(s): Raw=34.95% | DualGraph=34.72%
    +--------------------------------------------------+
[183/875] 16796 · QA · clean
    - source_graph: cache hit
    - raw_direct: nano
    - response_graph: nano
    - alignment + complete-error-clause projection: nano
    +---------------- CASE PERFORMANCE ----------------+
    Gold       spans=[none]
    Raw        P=100.00% R=100.00% F1=100.00% | detect=OK | spans=[none]
    DualGraph  P=100.00% R=100.00% F1=100.00% | detect=OK | spans=[none]
    Compiler   claims=8 | sentences=2 | claims/sentence=4.00 | whole-sentence nodes=0 | fragments=0 | refinement=YES/local_node_patch
    Case delta DualGraph-Raw = +0.00 pp | winner=TIE
    Running micro-F1 after 183 case(s): Raw=34.95% | DualGraph=34.72%
    +--------------------------------------------------+
[184/875] 15106 · QA · hallucinated
    - source_graph: cache hit
    - raw_direct: nano
    - response_graph: nano
    - alignment + complete-error-clause projection: nano
    - catch saved: dual_material_uplift → catch_candidates/cases/15106.json
    +---------------- CASE PERFORMANCE ----------------+
    Gold       spans=[877:959] 'add two tablespoons of salt. Soak the jewelry in the solution for about 30 minutes' (unsupported)
    Raw        P=100.00% R= 57.32% F1= 72.87% | detect=OK | spans=[877:904] 'add two tablespoons of salt' (unsupported); [939:959] 'for about 30 minutes' (unsupported)
    DualGraph  P=100.00% R= 98.78% F1= 99.39% | detect=OK | spans=[877:905] 'add two tablespoons of salt.' (unsupported); [906:959] 'Soak the jewelry in the solution for about 30 minutes' (unsupported)
    Compiler   claims=13 | sentences=18 | claims/sentence=0.72 | whole-sentence nodes=10 | fragments=4 | refinement=YES/local_node_patch
    Case delta DualGraph-Raw = +26.52 pp | winner=DUAL_GRAPH
    Running micro-F1 after 184 case(s): Raw=35.30% | DualGraph=35.69%
    +--------------------------------------------------+
[185/875] 15626 · QA · clean
    - raw_direct: nano
    - source_graph: nano
    - response_graph: nano
    - alignment + complete-error-clause projection: nano
    +---------------- CASE PERFORMANCE ----------------+
    Gold       spans=[none]
    Raw        P=  0.00% R=  0.00% F1=  0.00% | detect=MISS | spans=[89:170] 'or by going to Twitter.com and logging in with your Twitter username and password' (unsupported)
    DualGraph  P=100.00% R=100.00% F1=100.00% | detect=OK | spans=[none]
    Compiler   claims=5 | sentences=3 | claims/sentence=1.67 | whole-sentence nodes=1 | fragments=1 | refinement=YES/local_node_patch
    Case delta DualGraph-Raw = +100.00 pp | winner=DUAL_GRAPH
    Running micro-F1 after 185 case(s): Raw=35.10% | DualGraph=35.69%
    +--------------------------------------------------+
[186/875] 12185 · QA · clean
    - raw_direct: nano
    - source_graph: nano
    - response_graph: nano
    - alignment + complete-error-clause projection: nano
    +---------------- CASE PERFORMANCE ----------------+
    Gold       spans=[none]
    Raw        P=  0.00% R=  0.00% F1=  0.00% | detect=MISS | spans=[753:786] 'until it becomes soft and pliable' (unsupported)
    DualGraph  P=100.00% R=100.00% F1=100.00% | detect=OK | spans=[none]
    Compiler   claims=13 | sentences=32 | claims/sentence=0.41 | whole-sentence nodes=8 | fragments=6 | refinement=YES/local_node_patch
    Case delta DualGraph-Raw = +100.00 pp | winner=DUAL_GRAPH
    Running micro-F1 after 186 case(s): Raw=35.02% | DualGraph=35.69%
    +--------------------------------------------------+
[187/875] 14397 · QA · hallucinated
    - source_graph: cache hit
    - raw_direct: nano
    - response_graph: nano
    - alignment + complete-error-clause projection: nano
    +---------------- CASE PERFORMANCE ----------------+
    Gold       spans=[472:506] 'a combination of diet and exercise' (unsupported)
    Raw        P= 18.58% R=100.00% F1= 31.34% | detect=OK | spans=[118:159] 'Unable to answer based on given passages.' (contradiction); [174:254] 'do not provide any information about weight loss associated with bowel movements' (contradiction); [464:506] 'through a combination of diet and exercise' (unsupported); [546:566] 'cannot be determined' (contradiction)
    DualGraph  P=  0.00% R=  0.00% F1=  0.00% | detect=OK | spans=[118:159] 'Unable to answer based on given passages.' (contradiction); [161:255] 'The passages do not provide any information about weight loss associated with bowel mov...' (contradiction); [519:598] 'the answer to the question cannot be determined based on the provided passages.' (contradiction)
    Compiler   claims=6 | sentences=6 | claims/sentence=1.00 | whole-sentence nodes=2 | fragments=0 | refinement=YES/local_node_patch
    Case delta DualGraph-Raw = -31.34 pp | winner=RAW_DIRECT
    Running micro-F1 after 187 case(s): Raw=34.96% | DualGraph=34.89%
    +--------------------------------------------------+
[188/875] 14806 · QA · hallucinated
    - raw_direct: nano
    - source_graph: nano
    - response_graph: nano
    - alignment + complete-error-clause projection: nano
    - catch saved: dual_material_uplift → catch_candidates/cases/14806.json
    +---------------- CASE PERFORMANCE ----------------+
    Gold       spans=[220:317] '"Today\'s temperature in Bucharest is 22°C (72°F), humidity is 82%, wind speed is 6 mph ...' (unsupported); [319:382] 'Therefore, the current temperature in Bucharest is 22°C (72°F).' (unsupported)
    Raw        P=100.00% R= 13.75% F1= 24.18% | detect=OK | spans=[257:268] '22°C (72°F)' (unsupported); [370:381] '22°C (72°F)' (unsupported)
    DualGraph  P= 63.16% R= 97.50% F1= 76.66% | detect=OK | spans=[127:218] 'Passage 1 provides the current weather conditions for Bucharest, including the temperat...' (unsupported); [220:269] '"Today\'s temperature in Bucharest is 22°C (72°F),' (unsupported); [270:285] 'humidity is 82%' (unsupported); [287:316] 'wind speed is 6 mph (9 km/h).' (unsupported); [319:382] 'Therefore, the current temperature in Bucharest is 22°C (72°F).' (unsupported)
    Compiler   claims=5 | sentences=5 | claims/sentence=1.00 | whole-sentence nodes=2 | fragments=0 | refinement=YES/local_node_patch
    Case delta DualGraph-Raw = +52.48 pp | winner=DUAL_GRAPH
    Running micro-F1 after 188 case(s): Raw=34.83% | DualGraph=36.37%
    +--------------------------------------------------+
[189/875] 15689 · QA · clean
    - source_graph: cache hit
    - raw_direct: nano
    - response_graph: nano
    - alignment + complete-error-clause projection: nano
    +---------------- CASE PERFORMANCE ----------------+
    Gold       spans=[none]
    Raw        P=  0.00% R=  0.00% F1=  0.00% | detect=MISS | spans=[672:688] 'nutrient cycling' (unsupported)
    DualGraph  P=  0.00% R=  0.00% F1=  0.00% | detect=MISS | spans=[255:276] 'including tall trees,' (unsupported)
    Compiler   claims=7 | sentences=12 | claims/sentence=0.58 | whole-sentence nodes=4 | fragments=4 | refinement=YES/local_node_patch
    Case delta DualGraph-Raw = +0.00 pp | winner=TIE
    Running micro-F1 after 189 case(s): Raw=34.79% | DualGraph=36.31%
    +--------------------------------------------------+
[190/875] 13490 · QA · clean
    - raw_direct: nano
    - source_graph: nano
    - response_graph: nano
    - alignment + complete-error-clause projection: nano
    +---------------- CASE PERFORMANCE ----------------+
    Gold       spans=[none]
    Raw        P=  0.00% R=  0.00% F1=  0.00% | detect=MISS | spans=[148:158] 'at the top' (unsupported); [329:345] 'recommends using' (unsupported)
    DualGraph  P=100.00% R=100.00% F1=100.00% | detect=OK | spans=[none]
    Compiler   claims=6 | sentences=4 | claims/sentence=1.50 | whole-sentence nodes=1 | fragments=0 | refinement=YES/local_node_patch
    Case delta DualGraph-Raw = +100.00 pp | winner=DUAL_GRAPH
    Running micro-F1 after 190 case(s): Raw=34.73% | DualGraph=36.31%
    +--------------------------------------------------+
[191/875] 16879 · QA · clean
    - source_graph: cache hit
    - raw_direct: nano
    - response_graph: nano
    - alignment + complete-error-clause projection: nano
    +---------------- CASE PERFORMANCE ----------------+
    Gold       spans=[none]
    Raw        P=100.00% R=100.00% F1=100.00% | detect=OK | spans=[none]
    DualGraph  P=100.00% R=100.00% F1=100.00% | detect=OK | spans=[none]
    Compiler   claims=9 | sentences=7 | claims/sentence=1.29 | whole-sentence nodes=6 | fragments=4 | refinement=YES/local_node_patch
    Case delta DualGraph-Raw = +0.00 pp | winner=TIE
    Running micro-F1 after 191 case(s): Raw=34.73% | DualGraph=36.31%
    +--------------------------------------------------+
[192/875] 14211 · QA · clean
    - source_graph: cache hit
    - raw_direct: nano
    - response_graph: nano
    - alignment + complete-error-clause projection: nano
    +---------------- CASE PERFORMANCE ----------------+
    Gold       spans=[none]
    Raw        P=  0.00% R=  0.00% F1=  0.00% | detect=MISS | spans=[68:92] 'is not explicitly stated' (contradiction); [203:246] 'the primary factor leading to the explosion' (unsupported)
    DualGraph  P=  0.00% R=  0.00% F1=  0.00% | detect=MISS | spans=[32:92] 'the cause of watermelons to explode is not explicitly stated' (contradiction)
    Compiler   claims=10 | sentences=5 | claims/sentence=2.00 | whole-sentence nodes=0 | fragments=1 | refinement=YES/local_node_patch
    Case delta DualGraph-Raw = +0.00 pp | winner=TIE
    Running micro-F1 after 192 case(s): Raw=34.57% | DualGraph=36.12%
    +--------------------------------------------------+
[193/875] 14716 · QA · clean
    - source_graph: cache hit
    - raw_direct: nano
    - response_graph: nano
    - alignment + complete-error-clause projection: nano
    +---------------- CASE PERFORMANCE ----------------+
    Gold       spans=[none]
    Raw        P=100.00% R=100.00% F1=100.00% | detect=OK | spans=[none]
    DualGraph  P=100.00% R=100.00% F1=100.00% | detect=OK | spans=[none]
    Compiler   claims=9 | sentences=19 | claims/sentence=0.47 | whole-sentence nodes=9 | fragments=9 | refinement=YES/local_node_patch
    Case delta DualGraph-Raw = +0.00 pp | winner=TIE
    Running micro-F1 after 193 case(s): Raw=34.57% | DualGraph=36.12%
    +--------------------------------------------------+
[194/875] 15462 · QA · clean
    - source_graph: cache hit
    - raw_direct: nano
    - response_graph: nano
    - alignment + complete-error-clause projection: nano
    +---------------- CASE PERFORMANCE ----------------+
    Gold       spans=[none]
    Raw        P=100.00% R=100.00% F1=100.00% | detect=OK | spans=[none]
    DualGraph  P=100.00% R=100.00% F1=100.00% | detect=OK | spans=[none]
    Compiler   claims=9 | sentences=3 | claims/sentence=3.00 | whole-sentence nodes=0 | fragments=5 | refinement=YES/local_node_patch
    Case delta DualGraph-Raw = +0.00 pp | winner=TIE
    Running micro-F1 after 194 case(s): Raw=34.57% | DualGraph=36.12%
    +--------------------------------------------------+
[195/875] 17237 · QA · clean
    - source_graph: cache hit
    - raw_direct: nano
    - response_graph: nano
    - alignment + complete-error-clause projection: nano
    +---------------- CASE PERFORMANCE ----------------+
    Gold       spans=[none]
    Raw        P=  0.00% R=  0.00% F1=  0.00% | detect=MISS | spans=[662:772] 'Therefore, the answer to the question "How do you make ice cream" can be answered based...' (unsupported)
    DualGraph  P=100.00% R=100.00% F1=100.00% | detect=OK | spans=[none]
    Compiler   claims=10 | sentences=12 | claims/sentence=0.83 | whole-sentence nodes=3 | fragments=6 | refinement=YES/local_node_patch
    Case delta DualGraph-Raw = +100.00 pp | winner=DUAL_GRAPH
    Running micro-F1 after 195 case(s): Raw=34.31% | DualGraph=36.12%
    +--------------------------------------------------+
[196/875] 14511 · QA · hallucinated
    - source_graph: cache hit
    - raw_direct: nano
    - response_graph: nano
    - alignment + complete-error-clause projection: nano
    +---------------- CASE PERFORMANCE ----------------+
    Gold       spans=[320:394] 'This type of attack can happen at any point during a debate or discussion.' (unsupported)
    Raw        P=100.00% R= 66.22% F1= 79.67% | detect=OK | spans=[344:393] 'happen at any point during a debate or discussion' (unsupported)
    DualGraph  P=  0.00% R=  0.00% F1=  0.00% | detect=MISS | spans=[none]
    Compiler   claims=6 | sentences=6 | claims/sentence=1.00 | whole-sentence nodes=3 | fragments=0 | refinement=NO/none
    Case delta DualGraph-Raw = -79.67 pp | winner=RAW_DIRECT
    Running micro-F1 after 196 case(s): Raw=34.69% | DualGraph=35.89%
    +--------------------------------------------------+
[197/875] 13137 · QA · hallucinated
    - source_graph: cache hit
    - raw_direct: nano
    - response_graph: nano
    - alignment + complete-error-clause projection: nano
    +---------------- CASE PERFORMANCE ----------------+
    Gold       spans=[749:1063] 'navigate to the "Choose what the power buttons do" section. * Click on the "Change sett...' (unsupported); [1183:1385] '* In the Shut down options, toggle the switch next to "Put the computer to sleep" to en...' (unsupported); [1675:1695] '4. Save the changes.' (unsupported)
    Raw        P= 84.87% R= 42.91% F1= 57.00% | detect=OK | spans=[894:954] 'Uncheck the box next to "Turn on fast startup (recommended)"' (unsupported); [1211:1288] 'toggle the switch next to "Put the computer to sleep" to enable or disable it' (unsupported); [1292:1385] 'Enter the desired amount of time for the computer to remain awake before entering sleep...' (unsupported); [1697:1738] 'Unable to answer based on given passages.' (unsupported)
    DualGraph  P=  0.00% R=  0.00% F1=  0.00% | detect=MISS | spans=[none]
    Compiler   claims=24 | sentences=29 | claims/sentence=0.83 | whole-sentence nodes=7 | fragments=11 | refinement=YES/local_node_patch
    Case delta DualGraph-Raw = -57.00 pp | winner=RAW_DIRECT
    Running micro-F1 after 197 case(s): Raw=35.83% | DualGraph=34.31%
    +--------------------------------------------------+
[198/875] 15788 · QA · clean
    - source_graph: cache hit
    - raw_direct: nano
    - response_graph: nano
    - alignment + complete-error-clause projection: nano
    +---------------- CASE PERFORMANCE ----------------+
    Gold       spans=[none]
    Raw        P=  0.00% R=  0.00% F1=  0.00% | detect=MISS | spans=[29:51] 'people born in October' (unsupported); [190:270] 'They may also be success-oriented, charming, and personally powerful individuals' (unsupported); [341:379] 'may have a tendency towards impatience' (unsupported); [384:480] 'may struggle with balance between their desire for stability and security and their res...' (unsupported)
    DualGraph  P=100.00% R=100.00% F1=100.00% | detect=OK | spans=[none]
    Compiler   claims=7 | sentences=4 | claims/sentence=1.75 | whole-sentence nodes=1 | fragments=0 | refinement=NO/none
    Case delta DualGraph-Raw = +100.00 pp | winner=DUAL_GRAPH
    Running micro-F1 after 198 case(s): Raw=35.30% | DualGraph=34.31%
    +--------------------------------------------------+
[199/875] 15753 · QA · hallucinated
    - raw_direct: nano
    - source_graph: nano
    - response_graph: nano
    - alignment + complete-error-clause projection: nano
    +---------------- CASE PERFORMANCE ----------------+
    Gold       spans=[436:547] "This process continues until the customer's account is debited no more than five times ..." (unsupported)
    Raw        P= 26.40% R= 42.34% F1= 32.53% | detect=OK | spans=[499:546] 'no more than five times within a 24-hour period' (unsupported); [682:785] 'unclear whether there are any additional fees or charges beyond the initial $100 or $25...' (unsupported); [885:913] 'for each occurrence of abuse' (unsupported)
    DualGraph  P= 24.74% R= 42.34% F1= 31.23% | detect=OK | spans=[499:546] 'no more than five times within a 24-hour period' (unsupported); [848:913] 'customers may be charged $100 or $25 for each occurrence of abuse' (unsupported); [915:993] 'suggesting that these amounts may also be deducted from their prepaid balance.' (unsupported)
    Compiler   claims=11 | sentences=7 | claims/sentence=1.57 | whole-sentence nodes=3 | fragments=1 | refinement=YES/local_node_patch
    Case delta DualGraph-Raw = -1.30 pp | winner=RAW_DIRECT
    Running micro-F1 after 199 case(s): Raw=35.25% | DualGraph=34.23%
    +--------------------------------------------------+
[200/875] 15192 · QA · clean
    - raw_direct: nano
    - source_graph: nano
    - response_graph: nano
    - alignment + complete-error-clause projection: nano
    +---------------- CASE PERFORMANCE ----------------+
    Gold       spans=[none]
    Raw        P=100.00% R=100.00% F1=100.00% | detect=OK | spans=[none]
    DualGraph  P=100.00% R=100.00% F1=100.00% | detect=OK | spans=[none]
    Compiler   claims=4 | sentences=4 | claims/sentence=1.00 | whole-sentence nodes=4 | fragments=0 | refinement=NO/none
    Case delta DualGraph-Raw = +0.00 pp | winner=TIE
    Running micro-F1 after 200 case(s): Raw=35.25% | DualGraph=34.23%
    +--------------------------------------------------+
[201/875] 16893 · QA · clean
    - source_graph: cache hit
    - raw_direct: nano
    - response_graph: nano
    - alignment + complete-error-clause projection: nano
    +---------------- CASE PERFORMANCE ----------------+
    Gold       spans=[none]
    Raw        P=100.00% R=100.00% F1=100.00% | detect=OK | spans=[none]
    DualGraph  P=100.00% R=100.00% F1=100.00% | detect=OK | spans=[none]
    Compiler   claims=5 | sentences=6 | claims/sentence=0.83 | whole-sentence nodes=0 | fragments=2 | refinement=YES/local_node_patch
    Case delta DualGraph-Raw = +0.00 pp | winner=TIE
    Running micro-F1 after 201 case(s): Raw=35.25% | DualGraph=34.23%
    +--------------------------------------------------+
[202/875] 13155 · QA · hallucinated
    - source_graph: cache hit
    - raw_direct: nano
    - response_graph: nano
    - alignment + complete-error-clause projection: nano
    +---------------- CASE PERFORMANCE ----------------+
    Gold       spans=[625:657] 'can significantly reduce anxiety' (unsupported); [687:847] '4. Increases feelings of social connection: Hugging can create a sense of belonging and...' (unsupported); [848:1013] '5. Supports emotional healing: The physical contact involved in hugging can help releas...' (unsupported); [81:260] '1. Improves mood and reduces stress: According to passage 1, hugging has a positive imp...' (unsupported)
    Raw        P= 77.68% R= 33.77% F1= 47.07% | detect=OK | spans=[198:259] 'resulting in feelings of relaxation and reduced stress levels' (unsupported); [510:521] 'anxiety and' (unsupported); [743:792] 'create a sense of belonging and social connection' (unsupported); [929:1000] 'release oxytocin, a hormone that promotes emotional healing and bonding' (unsupported); [1015:1056] 'Unable to answer based on given passages.' (unsupported)
    DualGraph  P=100.00% R= 32.65% F1= 49.23% | detect=OK | spans=[731:792] 'Hugging can create a sense of belonging and social connection' (unsupported); [794:834] 'which is essential for mental well-being' (unsupported); [924:945] 'help release oxytocin' (unsupported); [947:1000] 'a hormone that promotes emotional healing and bonding' (unsupported)
    Compiler   claims=9 | sentences=13 | claims/sentence=0.69 | whole-sentence nodes=2 | fragments=0 | refinement=YES/local_node_patch
    Case delta DualGraph-Raw = +2.15 pp | winner=DUAL_GRAPH
    Running micro-F1 after 202 case(s): Raw=35.79% | DualGraph=35.04%
    +--------------------------------------------------+
[203/875] 11907 · QA · clean
    - source_graph: cache hit
    - raw_direct: nano
    - response_graph: nano
    - alignment + complete-error-clause projection: nano
    +---------------- CASE PERFORMANCE ----------------+
    Gold       spans=[none]
    Raw        P=  0.00% R=  0.00% F1=  0.00% | detect=MISS | spans=[602:618] 'among all states' (unsupported)
    DualGraph  P=  0.00% R=  0.00% F1=  0.00% | detect=MISS | spans=[394:470] 'the passage does not provide specific information on the average hourly rate' (unsupported); [471:514] 'or salary range for automotive technicians.' (unsupported); [905:974] 'the passage does not provide specific data on the average hourly rate' (unsupported); [975:1018] 'or salary range for automotive technicians.' (unsupported)
    Compiler   claims=12 | sentences=9 | claims/sentence=1.33 | whole-sentence nodes=1 | fragments=5 | refinement=YES/local_node_patch
    Case delta DualGraph-Raw = +0.00 pp | winner=TIE
    Running micro-F1 after 203 case(s): Raw=35.75% | DualGraph=34.44%
    +--------------------------------------------------+
[204/875] 17199 · QA · hallucinated
    - raw_direct: nano
    - source_graph: nano
    - response_graph: nano
    - alignment + complete-error-clause projection: nano
    - catch saved: dual_material_uplift → catch_candidates/cases/17199.json
    +---------------- CASE PERFORMANCE ----------------+
    Gold       spans=[32:123] "it appears that watching Snapchat stories does indeed increase one's score on the platf..." (unsupported); [642:791] 'In conclusion, the answer to the question "Does watching Snapchat stories increase scor...' (unsupported)
    Raw        P= 34.97% R= 26.67% F1= 30.26% | detect=OK | spans=[48:106] "watching Snapchat stories does indeed increase one's score" (unsupported); [504:623] 'actively engaging with Snapchat stories and content by watching and interacting with th...' (unsupported); [733:739] 'is yes' (unsupported)
    DualGraph  P= 56.03% R= 71.67% F1= 62.89% | detect=OK | spans=[32:122] "it appears that watching Snapchat stories does indeed increase one's score on the platform" (unsupported); [504:639] 'actively engaging with Snapchat stories and content by watching and interacting with th...' (unsupported); [657:739] 'the answer to the question "Does watching Snapchat stories increase score?" is yes' (unsupported)
    Compiler   claims=7 | sentences=5 | claims/sentence=1.40 | whole-sentence nodes=0 | fragments=0 | refinement=YES/local_node_patch
    Case delta DualGraph-Raw = +32.63 pp | winner=DUAL_GRAPH
    Running micro-F1 after 204 case(s): Raw=35.62% | DualGraph=35.55%
    +--------------------------------------------------+
[205/875] 12016 · QA · clean
    - raw_direct: nano
    - source_graph: nano
    - response_graph: nano
    - alignment + complete-error-clause projection: nano
    +---------------- CASE PERFORMANCE ----------------+
    Gold       spans=[none]
    Raw        P=  0.00% R=  0.00% F1=  0.00% | detect=MISS | spans=[569:675] 'main difference between tartrate and succinate is the duration of action and the side e...' (unsupported)
    DualGraph  P=100.00% R=100.00% F1=100.00% | detect=OK | spans=[none]
    Compiler   claims=4 | sentences=8 | claims/sentence=0.50 | whole-sentence nodes=1 | fragments=0 | refinement=NO/none
    Case delta DualGraph-Raw = +100.00 pp | winner=DUAL_GRAPH
    Running micro-F1 after 205 case(s): Raw=35.40% | DualGraph=35.55%
    +--------------------------------------------------+
[206/875] 13564 · QA · hallucinated
    - raw_direct: nano
    - source_graph: nano
    - response_graph: nano
    - alignment + complete-error-clause projection: nano
    +---------------- CASE PERFORMANCE ----------------+
    Gold       spans=[489:794] 'Note that the passages do not mention the specific temperature or cooking time for the ...' (unsupported)
    Raw        P=100.00% R= 56.07% F1= 71.85% | detect=OK | spans=[552:567] 'or cooking time' (contradiction); [603:640] 'recommended to use a meat thermometer' (unsupported); [675:794] 'internal temperature of at least 145°F (63°C) for medium-rare, 160°F (71°C) for medium,...' (unsupported)
    DualGraph  P=100.00% R= 28.52% F1= 44.39% | detect=OK | spans=[699:736] 'at least 145°F (63°C) for medium-rare' (unsupported); [738:761] '160°F (71°C) for medium' (unsupported); [767:794] '170°F (77°C) for well-done.' (unsupported)
    Compiler   claims=10 | sentences=11 | claims/sentence=0.91 | whole-sentence nodes=3 | fragments=3 | refinement=YES/local_node_patch
    Case delta DualGraph-Raw = -27.46 pp | winner=RAW_DIRECT
    Running micro-F1 after 206 case(s): Raw=36.36% | DualGraph=35.79%
    +--------------------------------------------------+
[207/875] 14996 · QA · clean
    - raw_direct: nano
    - source_graph: nano
    - response_graph: nano
    - alignment + complete-error-clause projection: nano
    +---------------- CASE PERFORMANCE ----------------+
    Gold       spans=[none]
    Raw        P=  0.00% R=  0.00% F1=  0.00% | detect=MISS | spans=[347:443] 'do not provide any information about what a UPC description specifically means or how i...' (unsupported); [456:519] 'I am unable to answer this question based on the given passages' (unsupported)
    DualGraph  P=  0.00% R=  0.00% F1=  0.00% | detect=MISS | spans=[334:443] 'the passages do not provide any information about what a UPC description specifically m...' (contradiction)
    Compiler   claims=5 | sentences=5 | claims/sentence=1.00 | whole-sentence nodes=0 | fragments=0 | refinement=NO/none
    Case delta DualGraph-Raw = +0.00 pp | winner=TIE
    Running micro-F1 after 207 case(s): Raw=36.05% | DualGraph=35.52%
    +--------------------------------------------------+
[208/875] 16121 · QA · hallucinated
    - source_graph: cache hit
    - raw_direct: nano
    - response_graph: nano
    - alignment + complete-error-clause projection: nano
    +---------------- CASE PERFORMANCE ----------------+
    Gold       spans=[216:310] 'using humane mouse traps or natural deterrents like peppermint oil to encourage mice to...' (unsupported); [311:379] 'Prevent their return by keeping your home clean and well-maintained.' (unsupported)
    Raw        P=100.00% R= 61.11% F1= 75.86% | detect=OK | spans=[222:240] 'humane mouse traps' (unsupported); [244:282] 'natural deterrents like peppermint oil' (unsupported); [335:378] 'keeping your home clean and well-maintained' (unsupported)
    DualGraph  P= 53.28% R= 40.12% F1= 45.77% | detect=OK | spans=[54:102] 'seal all entry points, including pipes and vents' (unsupported); [207:240] 'consider using humane mouse traps' (unsupported); [241:282] 'or natural deterrents like peppermint oil' (unsupported)
    Compiler   claims=7 | sentences=3 | claims/sentence=2.33 | whole-sentence nodes=0 | fragments=1 | refinement=YES/local_node_patch
    Case delta DualGraph-Raw = -30.09 pp | winner=RAW_DIRECT
    Running micro-F1 after 208 case(s): Raw=36.61% | DualGraph=35.72%
    +--------------------------------------------------+
[209/875] 16511 · QA · hallucinated
    - raw_direct: nano
    - source_graph: nano
    - response_graph: nano
    - alignment + complete-error-clause projection: nano
    +---------------- CASE PERFORMANCE ----------------+
    Gold       spans=[333:1671] '. Lack of proper nutrition: Exercise alone is not enough to achieve a toned body. You n...' (unsupported)
    Raw        P=100.00% R= 56.43% F1= 72.15% | detect=OK | spans=[361:414] 'Exercise alone is not enough to achieve a toned body.' (unsupported); [454:551] 'a balanced diet that provides your body with the necessary nutrients to build muscle an...' (unsupported); [588:647] 'Muscles grow during rest and recovery, not during exercise.' (unsupported); [720:784] 'you may not be allowing your muscles to fully repair and rebuild' (unsupported); [844:923] 'Consistency is key when it comes to building muscle and achieving a toned body.' (unsupported); [976:1018] 'you may not be making the gains you desire' (unsupported); ... +5 more
    DualGraph  P=100.00% R= 29.07% F1= 45.05% | detect=OK | spans=[361:414] 'Exercise alone is not enough to achieve a toned body.' (unsupported); [415:552] "You need to make sure you're consuming a balanced diet that provides your body with the..." (unsupported); [588:647] 'Muscles grow during rest and recovery, not during exercise.' (unsupported); [1053:1193] 'Progressive overload refers to gradually increasing the intensity of your workouts over...' (unsupported)
    Compiler   claims=15 | sentences=19 | claims/sentence=0.79 | whole-sentence nodes=4 | fragments=1 | refinement=YES/local_node_patch
    Case delta DualGraph-Raw = -27.10 pp | winner=RAW_DIRECT
    Running micro-F1 after 209 case(s): Raw=40.22% | DualGraph=36.70%
    +--------------------------------------------------+
[210/875] 15484 · QA · clean
    - source_graph: cache hit
    - raw_direct: nano
    - response_graph: nano
    - alignment + complete-error-clause projection: nano
    +---------------- CASE PERFORMANCE ----------------+
    Gold       spans=[none]
    Raw        P=  0.00% R=  0.00% F1=  0.00% | detect=MISS | spans=[379:416] 'which could result in account lockout' (unsupported)
    DualGraph  P=  0.00% R=  0.00% F1=  0.00% | detect=MISS | spans=[32:127] 'it appears that your Snapchat account has been temporarily locked due to using third-pa...' (unsupported); [676:740] 'for an official Snapchat app to become available for your device' (unsupported)
    Compiler   claims=8 | sentences=5 | claims/sentence=1.60 | whole-sentence nodes=0 | fragments=0 | refinement=NO/none
    Case delta DualGraph-Raw = +0.00 pp | winner=TIE
    Running micro-F1 after 210 case(s): Raw=40.15% | DualGraph=36.35%
    +--------------------------------------------------+
[211/875] 14700 · QA · clean
    - raw_direct: nano
    - source_graph: nano
    - response_graph: nano
    - alignment + complete-error-clause projection: nano
    +---------------- CASE PERFORMANCE ----------------+
    Gold       spans=[none]
    Raw        P=100.00% R=100.00% F1=100.00% | detect=OK | spans=[none]
    DualGraph  P=100.00% R=100.00% F1=100.00% | detect=OK | spans=[none]
    Compiler   claims=4 | sentences=4 | claims/sentence=1.00 | whole-sentence nodes=4 | fragments=0 | refinement=NO/none
    Case delta DualGraph-Raw = +0.00 pp | winner=TIE
    Running micro-F1 after 211 case(s): Raw=40.15% | DualGraph=36.35%
    +--------------------------------------------------+
[212/875] 14381 · QA · hallucinated
    - source_graph: cache hit
    - raw_direct: nano
    - response_graph: nano
    - alignment + complete-error-clause projection: nano
    +---------------- CASE PERFORMANCE ----------------+
    Gold       spans=[802:830] 'baking at 300°F for 2 hours.' (unsupported)
    Raw        P= 71.05% R= 96.43% F1= 81.82% | detect=OK | spans=[154:165] 'and discard' (unsupported); [802:829] 'baking at 300°F for 2 hours' (unsupported)
    DualGraph  P=100.00% R= 96.43% F1= 98.18% | detect=OK | spans=[802:829] 'baking at 300°F for 2 hours' (unsupported)
    Compiler   claims=8 | sentences=15 | claims/sentence=0.53 | whole-sentence nodes=7 | fragments=3 | refinement=YES/local_node_patch
    Case delta DualGraph-Raw = +16.36 pp | winner=DUAL_GRAPH
    Running micro-F1 after 212 case(s): Raw=40.28% | DualGraph=36.55%
    +--------------------------------------------------+
[213/875] 12767 · QA · clean
    - source_graph: cache hit
    - raw_direct: nano
    - response_graph: nano
    - alignment + complete-error-clause projection: nano
    +---------------- CASE PERFORMANCE ----------------+
    Gold       spans=[none]
    Raw        P=100.00% R=100.00% F1=100.00% | detect=OK | spans=[none]
    DualGraph  P=100.00% R=100.00% F1=100.00% | detect=OK | spans=[none]
    Compiler   claims=7 | sentences=5 | claims/sentence=1.40 | whole-sentence nodes=1 | fragments=1 | refinement=YES/local_node_patch
    Case delta DualGraph-Raw = +0.00 pp | winner=TIE
    Running micro-F1 after 213 case(s): Raw=40.28% | DualGraph=36.55%
    +--------------------------------------------------+
[214/875] 14775 · QA · clean
    - raw_direct: nano
    - source_graph: nano
    - response_graph: nano
    - alignment + complete-error-clause projection: nano
    +---------------- CASE PERFORMANCE ----------------+
    Gold       spans=[none]
    Raw        P=  0.00% R=  0.00% F1=  0.00% | detect=MISS | spans=[344:380] 'He is worthy of our love and service' (unsupported); [559:655] 'The passages do not provide explicit reasons why we should serve others without selfish...' (contradiction); [842:863] 'love and appreciation' (unsupported); [873:910] 'who deserves our service and devotion' (unsupported)
    DualGraph  P=  0.00% R=  0.00% F1=  0.00% | detect=MISS | spans=[559:655] 'The passages do not provide explicit reasons why we should serve others without selfish...' (contradiction)
    Compiler   claims=7 | sentences=10 | claims/sentence=0.70 | whole-sentence nodes=0 | fragments=2 | refinement=YES/local_node_patch
    Case delta DualGraph-Raw = +0.00 pp | winner=TIE
    Running micro-F1 after 214 case(s): Raw=39.91% | DualGraph=36.34%
    +--------------------------------------------------+
[215/875] 13154 · QA · clean
    - source_graph: cache hit
    - raw_direct: nano
    - response_graph: nano
    - alignment + complete-error-clause projection: nano
    +---------------- CASE PERFORMANCE ----------------+
    Gold       spans=[none]
    Raw        P=  0.00% R=  0.00% F1=  0.00% | detect=MISS | spans=[347:366] 'happy relationships' (unsupported); [444:502] 'which can provide comfort and ease their existential fears' (unsupported)
    DualGraph  P=100.00% R=100.00% F1=100.00% | detect=OK | spans=[none]
    Compiler   claims=10 | sentences=5 | claims/sentence=2.00 | whole-sentence nodes=0 | fragments=1 | refinement=YES/local_node_patch
    Case delta DualGraph-Raw = +100.00 pp | winner=DUAL_GRAPH
    Running micro-F1 after 215 case(s): Raw=39.77% | DualGraph=36.34%
    +--------------------------------------------------+
[216/875] 12047 · QA · clean
    - source_graph: cache hit
    - raw_direct: nano
    - response_graph: nano
    - alignment + complete-error-clause projection: nano
    +---------------- CASE PERFORMANCE ----------------+
    Gold       spans=[none]
    Raw        P=100.00% R=100.00% F1=100.00% | detect=OK | spans=[none]
    DualGraph  P=100.00% R=100.00% F1=100.00% | detect=OK | spans=[none]
    Compiler   claims=5 | sentences=4 | claims/sentence=1.25 | whole-sentence nodes=3 | fragments=0 | refinement=NO/none
    Case delta DualGraph-Raw = +0.00 pp | winner=TIE
    Running micro-F1 after 216 case(s): Raw=39.77% | DualGraph=36.34%
    +--------------------------------------------------+
[217/875] 12022 · QA · clean
    - source_graph: cache hit
    - raw_direct: nano
    - response_graph: nano
    - alignment + complete-error-clause projection: nano
    +---------------- CASE PERFORMANCE ----------------+
    Gold       spans=[none]
    Raw        P=100.00% R=100.00% F1=100.00% | detect=OK | spans=[none]
    DualGraph  P=100.00% R=100.00% F1=100.00% | detect=OK | spans=[none]
    Compiler   claims=6 | sentences=3 | claims/sentence=2.00 | whole-sentence nodes=0 | fragments=3 | refinement=YES/local_node_patch
    Case delta DualGraph-Raw = +0.00 pp | winner=TIE
    Running micro-F1 after 217 case(s): Raw=39.77% | DualGraph=36.34%
    +--------------------------------------------------+
[218/875] 15627 · QA · clean
    - source_graph: cache hit
    - raw_direct: nano
    - response_graph: nano
    - alignment + complete-error-clause projection: nano
    +---------------- CASE PERFORMANCE ----------------+
    Gold       spans=[none]
    Raw        P=100.00% R=100.00% F1=100.00% | detect=OK | spans=[none]
    DualGraph  P=100.00% R=100.00% F1=100.00% | detect=OK | spans=[none]
    Compiler   claims=6 | sentences=11 | claims/sentence=0.55 | whole-sentence nodes=2 | fragments=0 | refinement=NO/none
    Case delta DualGraph-Raw = +0.00 pp | winner=TIE
    Running micro-F1 after 218 case(s): Raw=39.77% | DualGraph=36.34%
    +--------------------------------------------------+
[219/875] 14369 · QA · clean
    - source_graph: cache hit
    - raw_direct: nano
    - response_graph: nano
    - alignment + complete-error-clause projection: nano
    +---------------- CASE PERFORMANCE ----------------+
    Gold       spans=[none]
    Raw        P=100.00% R=100.00% F1=100.00% | detect=OK | spans=[none]
    DualGraph  P=100.00% R=100.00% F1=100.00% | detect=OK | spans=[none]
    Compiler   claims=7 | sentences=10 | claims/sentence=0.70 | whole-sentence nodes=2 | fragments=2 | refinement=YES/local_node_patch
    Case delta DualGraph-Raw = +0.00 pp | winner=TIE
    Running micro-F1 after 219 case(s): Raw=39.77% | DualGraph=36.34%
    +--------------------------------------------------+
[220/875] 14286 · QA · clean
    - source_graph: cache hit
    - raw_direct: nano
    - response_graph: nano
    - alignment + complete-error-clause projection: nano
    +---------------- CASE PERFORMANCE ----------------+
    Gold       spans=[none]
    Raw        P=  0.00% R=  0.00% F1=  0.00% | detect=MISS | spans=[402:436] 'to check the status of your return' (unsupported)
    DualGraph  P=100.00% R=100.00% F1=100.00% | detect=OK | spans=[none]
    Compiler   claims=7 | sentences=5 | claims/sentence=1.40 | whole-sentence nodes=4 | fragments=0 | refinement=NO/none
    Case delta DualGraph-Raw = +100.00 pp | winner=DUAL_GRAPH
    Running micro-F1 after 220 case(s): Raw=39.70% | DualGraph=36.34%
    +--------------------------------------------------+
[221/875] 13231 · QA · clean
    - source_graph: cache hit
    - raw_direct: nano
    - response_graph: nano
    - alignment + complete-error-clause projection: nano
    +---------------- CASE PERFORMANCE ----------------+
    Gold       spans=[none]
    Raw        P=  0.00% R=  0.00% F1=  0.00% | detect=MISS | spans=[440:448] 'securely' (unsupported)
    DualGraph  P=100.00% R=100.00% F1=100.00% | detect=OK | spans=[none]
    Compiler   claims=6 | sentences=5 | claims/sentence=1.20 | whole-sentence nodes=4 | fragments=1 | refinement=YES/local_node_patch
    Case delta DualGraph-Raw = +100.00 pp | winner=DUAL_GRAPH
    Running micro-F1 after 221 case(s): Raw=39.69% | DualGraph=36.34%
    +--------------------------------------------------+
[222/875] 12218 · QA · clean
    - source_graph: cache hit
    - raw_direct: nano
    - response_graph: nano
    - alignment + complete-error-clause projection: nano
    +---------------- CASE PERFORMANCE ----------------+
    Gold       spans=[none]
    Raw        P=100.00% R=100.00% F1=100.00% | detect=OK | spans=[none]
    DualGraph  P=100.00% R=100.00% F1=100.00% | detect=OK | spans=[none]
    Compiler   claims=5 | sentences=11 | claims/sentence=0.46 | whole-sentence nodes=4 | fragments=2 | refinement=YES/local_node_patch
    Case delta DualGraph-Raw = +0.00 pp | winner=TIE
    Running micro-F1 after 222 case(s): Raw=39.69% | DualGraph=36.34%
    +--------------------------------------------------+
[223/875] 12762 · QA · clean
    - source_graph: cache hit
    - raw_direct: nano
    - response_graph: nano
    - alignment + complete-error-clause projection: nano
    +---------------- CASE PERFORMANCE ----------------+
    Gold       spans=[none]
    Raw        P=100.00% R=100.00% F1=100.00% | detect=OK | spans=[none]
    DualGraph  P=100.00% R=100.00% F1=100.00% | detect=OK | spans=[none]
    Compiler   claims=4 | sentences=4 | claims/sentence=1.00 | whole-sentence nodes=4 | fragments=0 | refinement=NO/none
    Case delta DualGraph-Raw = +0.00 pp | winner=TIE
    Running micro-F1 after 223 case(s): Raw=39.69% | DualGraph=36.34%
    +--------------------------------------------------+
[224/875] 14470 · QA · clean
    - source_graph: cache hit
    - raw_direct: nano
    - response_graph: nano
    - alignment + complete-error-clause projection: nano
    +---------------- CASE PERFORMANCE ----------------+
    Gold       spans=[none]
    Raw        P=  0.00% R=  0.00% F1=  0.00% | detect=MISS | spans=[878:957] 'does not provide information about specific social effects on the United States' (contradiction); [1014:1060] 'limited to the time period after the Civil War' (unsupported); [1066:1113] 'do not cover the broader history of immigration' (unsupported)
    DualGraph  P=  0.00% R=  0.00% F1=  0.00% | detect=MISS | spans=[213:318] 'The Reconstruction period after the Civil War brought significant political changes to ...' (unsupported); [866:958] 'The passage does not provide information about specific social effects on the United St...' (contradiction)
    Compiler   claims=11 | sentences=10 | claims/sentence=1.10 | whole-sentence nodes=1 | fragments=0 | refinement=YES/local_node_patch
    Case delta DualGraph-Raw = +0.00 pp | winner=TIE
    Running micro-F1 after 224 case(s): Raw=39.37% | DualGraph=35.92%
    +--------------------------------------------------+
[225/875] 14691 · QA · clean
    - source_graph: cache hit
    - raw_direct: nano
    - response_graph: nano
    - alignment + complete-error-clause projection: nano
    +---------------- CASE PERFORMANCE ----------------+
    Gold       spans=[none]
    Raw        P=  0.00% R=  0.00% F1=  0.00% | detect=MISS | spans=[739:750] 'on a canvas' (unsupported); [858:875] 'an antique finish' (unsupported); [934:965] 'to give the wood a vintage look' (unsupported); [1067:1097] 'a more subtle, aged appearance' (unsupported)
    DualGraph  P=  0.00% R=  0.00% F1=  0.00% | detect=MISS | spans=[1059:1097] 'achieve a more subtle, aged appearance' (unsupported)
    Compiler   claims=13 | sentences=17 | claims/sentence=0.77 | whole-sentence nodes=4 | fragments=3 | refinement=YES/local_node_patch
    Case delta DualGraph-Raw = +0.00 pp | winner=TIE
    Running micro-F1 after 225 case(s): Raw=39.20% | DualGraph=35.84%
    +--------------------------------------------------+
[226/875] 17397 · QA · clean
    - raw_direct: nano
    - source_graph: nano
    - response_graph: nano
    - alignment + complete-error-clause projection: nano
    +---------------- CASE PERFORMANCE ----------------+
    Gold       spans=[none]
    Raw        P=  0.00% R=  0.00% F1=  0.00% | detect=MISS | spans=[65:79] 'tone the chest' (unsupported)
    DualGraph  P=100.00% R=100.00% F1=100.00% | detect=OK | spans=[none]
    Compiler   claims=5 | sentences=8 | claims/sentence=0.62 | whole-sentence nodes=4 | fragments=2 | refinement=YES/local_node_patch
    Case delta DualGraph-Raw = +100.00 pp | winner=DUAL_GRAPH
    Running micro-F1 after 226 case(s): Raw=39.17% | DualGraph=35.84%
    +--------------------------------------------------+
[227/875] 17517 · QA · clean
    - raw_direct: nano
    - source_graph: nano
    - response_graph: nano
    - alignment + complete-error-clause projection: nano
    +---------------- CASE PERFORMANCE ----------------+
    Gold       spans=[none]
    Raw        P=  0.00% R=  0.00% F1=  0.00% | detect=MISS | spans=[875:894] 'to prevent sticking' (unsupported)
    DualGraph  P=  0.00% R=  0.00% F1=  0.00% | detect=MISS | spans=[875:895] 'to prevent sticking.' (unsupported)
    Compiler   claims=9 | sentences=23 | claims/sentence=0.39 | whole-sentence nodes=7 | fragments=1 | refinement=YES/local_node_patch
    Case delta DualGraph-Raw = +0.00 pp | winner=TIE
    Running micro-F1 after 227 case(s): Raw=39.14% | DualGraph=35.80%
    +--------------------------------------------------+
[228/875] 13488 · QA · clean
    - source_graph: cache hit
    - raw_direct: nano
    - response_graph: nano
    - alignment + complete-error-clause projection: nano
    +---------------- CASE PERFORMANCE ----------------+
    Gold       spans=[none]
    Raw        P=100.00% R=100.00% F1=100.00% | detect=OK | spans=[none]
    DualGraph  P=100.00% R=100.00% F1=100.00% | detect=OK | spans=[none]
    Compiler   claims=6 | sentences=6 | claims/sentence=1.00 | whole-sentence nodes=6 | fragments=0 | refinement=NO/none
    Case delta DualGraph-Raw = +0.00 pp | winner=TIE
    Running micro-F1 after 228 case(s): Raw=39.14% | DualGraph=35.80%
    +--------------------------------------------------+
[229/875] 16507 · QA · clean
    - source_graph: cache hit
    - raw_direct: nano
    - response_graph: nano
    - alignment + complete-error-clause projection: nano
    +---------------- CASE PERFORMANCE ----------------+
    Gold       spans=[none]
    Raw        P=  0.00% R=  0.00% F1=  0.00% | detect=MISS | spans=[69:97] 'despite exercising every day' (unsupported)
    DualGraph  P=100.00% R=100.00% F1=100.00% | detect=OK | spans=[none]
    Compiler   claims=4 | sentences=3 | claims/sentence=1.33 | whole-sentence nodes=0 | fragments=0 | refinement=YES/local_node_patch
    Case delta DualGraph-Raw = +100.00 pp | winner=DUAL_GRAPH
    Running micro-F1 after 229 case(s): Raw=39.09% | DualGraph=35.80%
    +--------------------------------------------------+
[230/875] 12525 · QA · clean
    - source_graph: cache hit
    - raw_direct: nano
    - response_graph: nano
    - alignment + complete-error-clause projection: nano
    +---------------- CASE PERFORMANCE ----------------+
    Gold       spans=[none]
    Raw        P=  0.00% R=  0.00% F1=  0.00% | detect=MISS | spans=[549:578] 'leeward side of the mountains' (unsupported)
    DualGraph  P=100.00% R=100.00% F1=100.00% | detect=OK | spans=[none]
    Compiler   claims=6 | sentences=3 | claims/sentence=2.00 | whole-sentence nodes=0 | fragments=0 | refinement=YES/local_node_patch
    Case delta DualGraph-Raw = +100.00 pp | winner=DUAL_GRAPH
    Running micro-F1 after 230 case(s): Raw=39.04% | DualGraph=35.80%
    +--------------------------------------------------+
[231/875] 15195 · QA · hallucinated
    - source_graph: cache hit
    - raw_direct: nano
    - response_graph: nano
    - alignment + complete-error-clause projection: nano
    +---------------- CASE PERFORMANCE ----------------+
    Gold       spans=[1016:1084] 'another copy will be sent to the Michigan Liquor Control Commission.' (unsupported); [829:871] '"OTC" (Off-Highway Motor Vehicle Account).' (unsupported)
    Raw        P=100.00% R= 71.82% F1= 83.60% | detect=OK | spans=[829:870] '"OTC" (Off-Highway Motor Vehicle Account)' (unsupported); [1045:1083] 'the Michigan Liquor Control Commission' (unsupported)
    DualGraph  P=  0.00% R=  0.00% F1=  0.00% | detect=MISS | spans=[none]
    Compiler   claims=15 | sentences=11 | claims/sentence=1.36 | whole-sentence nodes=7 | fragments=0 | refinement=YES/local_node_patch
    Case delta DualGraph-Raw = -83.60 pp | winner=RAW_DIRECT
    Running micro-F1 after 231 case(s): Raw=39.43% | DualGraph=35.57%
    +--------------------------------------------------+
[232/875] 12432 · QA · clean
    - source_graph: cache hit
    - raw_direct: nano
    - response_graph: nano
    - alignment + complete-error-clause projection: nano
    +---------------- CASE PERFORMANCE ----------------+
    Gold       spans=[none]
    Raw        P=100.00% R=100.00% F1=100.00% | detect=OK | spans=[none]
    DualGraph  P=100.00% R=100.00% F1=100.00% | detect=OK | spans=[none]
    Compiler   claims=15 | sentences=4 | claims/sentence=3.75 | whole-sentence nodes=1 | fragments=7 | refinement=YES/local_node_patch
    Case delta DualGraph-Raw = +0.00 pp | winner=TIE
    Running micro-F1 after 232 case(s): Raw=39.43% | DualGraph=35.57%
    +--------------------------------------------------+
[233/875] 13743 · QA · clean
    - raw_direct: nano
    - source_graph: nano
    - response_graph: nano
    - alignment + complete-error-clause projection: nano
    +---------------- CASE PERFORMANCE ----------------+
    Gold       spans=[none]
    Raw        P=  0.00% R=  0.00% F1=  0.00% | detect=MISS | spans=[197:241] 'through increased permeability of cell walls' (unsupported)
    DualGraph  P=100.00% R=100.00% F1=100.00% | detect=OK | spans=[none]
    Compiler   claims=5 | sentences=17 | claims/sentence=0.29 | whole-sentence nodes=5 | fragments=1 | refinement=YES/local_node_patch
    Case delta DualGraph-Raw = +100.00 pp | winner=DUAL_GRAPH
    Running micro-F1 after 233 case(s): Raw=39.35% | DualGraph=35.57%
    +--------------------------------------------------+
[234/875] 16419 · QA · hallucinated
    - source_graph: cache hit
    - raw_direct: nano
    - response_graph: nano
    - alignment + complete-error-clause projection: nano
    +---------------- CASE PERFORMANCE ----------------+
    Gold       spans=[0:1062] 'Based on the provided passages, here is how you can draw a truncated cone in GeoGebra: ...' (unsupported)
    Raw        P= 88.83% R= 30.70% F1= 45.63% | detect=OK | spans=[199:233] 'Use the command "Cone" in GeoGebra' (unsupported); [287:322] 'cut off the top quarter of the cone' (unsupported); [323:348] 'using the "Slice" command' (unsupported); [435:474] 'match the dimensions given in Passage 1' (unsupported); [489:534] 'if the top diameter of the cone is 3.5 inches' (unsupported); [541:592] 'set the "Top Slice Radius" to 3.5 / 2 = 1.75 inches' (unsupported); ... +3 more
    DualGraph  P=100.00% R= 20.43% F1= 33.93% | detect=OK | spans=[199:253] 'Use the command "Cone" in GeoGebra to create the cone.' (unsupported); [287:322] 'cut off the top quarter of the cone' (unsupported); [541:592] 'set the "Top Slice Radius" to 3.5 / 2 = 1.75 inches' (unsupported); [750:827] 'use the "ConicalSurface" command to create the surface of the truncated cone.' (unsupported)
    Compiler   claims=10 | sentences=17 | claims/sentence=0.59 | whole-sentence nodes=8 | fragments=0 | refinement=YES/local_node_patch
    Case delta DualGraph-Raw = -11.69 pp | winner=RAW_DIRECT
    Running micro-F1 after 234 case(s): Raw=39.74% | DualGraph=35.46%
    +--------------------------------------------------+
[235/875] 13309 · QA · clean
    - source_graph: cache hit
    - raw_direct: nano
    - response_graph: nano
    - alignment + complete-error-clause projection: nano
    +---------------- CASE PERFORMANCE ----------------+
    Gold       spans=[none]
    Raw        P=100.00% R=100.00% F1=100.00% | detect=OK | spans=[none]
    DualGraph  P=100.00% R=100.00% F1=100.00% | detect=OK | spans=[none]
    Compiler   claims=6 | sentences=6 | claims/sentence=1.00 | whole-sentence nodes=6 | fragments=0 | refinement=NO/none
    Case delta DualGraph-Raw = +0.00 pp | winner=TIE
    Running micro-F1 after 235 case(s): Raw=39.74% | DualGraph=35.46%
    +--------------------------------------------------+
[236/875] 14846 · QA · hallucinated
    - source_graph: cache hit
    - raw_direct: nano
    - response_graph: nano
    - alignment + complete-error-clause projection: nano
    +---------------- CASE PERFORMANCE ----------------+
    Gold       spans=[638:858] 'Note: Depending on the recipe, you may want to adjust the cooking time or ingredient pr...' (unsupported)
    Raw        P= 85.26% R= 36.82% F1= 51.43% | detect=OK | spans=[685:734] 'adjust the cooking time or ingredient proportions' (unsupported); [774:791] 'any type of bread' (unsupported); [825:840] 'cheese or herbs' (unsupported); [390:404] 'brown too much' (unsupported)
    DualGraph  P=100.00% R= 41.36% F1= 58.52% | detect=OK | spans=[762:791] 'you can use any type of bread' (unsupported); [795:857] 'mix in other ingredients like cheese or herbs for extra flavor' (unsupported)
    Compiler   claims=12 | sentences=18 | claims/sentence=0.67 | whole-sentence nodes=9 | fragments=3 | refinement=YES/local_node_patch
    Case delta DualGraph-Raw = +7.09 pp | winner=DUAL_GRAPH
    Running micro-F1 after 236 case(s): Raw=39.89% | DualGraph=35.84%
    +--------------------------------------------------+
[237/875] 15786 · QA · clean
    - source_graph: cache hit
    - raw_direct: nano
    - response_graph: nano
    - alignment + complete-error-clause projection: nano
    +---------------- CASE PERFORMANCE ----------------+
    Gold       spans=[none]
    Raw        P=  0.00% R=  0.00% F1=  0.00% | detect=MISS | spans=[0:22] 'People born in October' (unsupported)
    DualGraph  P=  0.00% R=  0.00% F1=  0.00% | detect=MISS | spans=[0:22] 'People born in October' (unsupported)
    Compiler   claims=8 | sentences=5 | claims/sentence=1.60 | whole-sentence nodes=0 | fragments=0 | refinement=NO/none
    Case delta DualGraph-Raw = +0.00 pp | winner=TIE
    Running micro-F1 after 237 case(s): Raw=39.86% | DualGraph=35.80%
    +--------------------------------------------------+
[238/875] 13744 · QA · clean
    - source_graph: cache hit
    - raw_direct: nano
    - response_graph: nano
    - alignment + complete-error-clause projection: nano
    +---------------- CASE PERFORMANCE ----------------+
    Gold       spans=[none]
    Raw        P=  0.00% R=  0.00% F1=  0.00% | detect=MISS | spans=[130:184] 'and allowing nutrients to be absorbed more efficiently' (unsupported); [228:249] 'in muscles and joints' (unsupported); [448:467] 'beyond these points' (contradiction)
    DualGraph  P=  0.00% R=  0.00% F1=  0.00% | detect=MISS | spans=[130:184] 'and allowing nutrients to be absorbed more efficiently' (unsupported); [228:249] 'in muscles and joints' (unsupported); [342:365] 'including Co-enzyme Q10' (unsupported); [448:467] 'beyond these points' (contradiction)
    Compiler   claims=5 | sentences=10 | claims/sentence=0.50 | whole-sentence nodes=4 | fragments=0 | refinement=YES/local_node_patch
    Case delta DualGraph-Raw = +0.00 pp | winner=TIE
    Running micro-F1 after 238 case(s): Raw=39.70% | DualGraph=35.57%
    +--------------------------------------------------+
[239/875] 14742 · QA · clean
    - raw_direct: nano
    - source_graph: nano
    - response_graph: nano
    - alignment + complete-error-clause projection: nano
    +---------------- CASE PERFORMANCE ----------------+
    Gold       spans=[none]
    Raw        P=100.00% R=100.00% F1=100.00% | detect=OK | spans=[none]
    DualGraph  P=100.00% R=100.00% F1=100.00% | detect=OK | spans=[none]
    Compiler   claims=5 | sentences=5 | claims/sentence=1.00 | whole-sentence nodes=3 | fragments=0 | refinement=NO/none
    Case delta DualGraph-Raw = +0.00 pp | winner=TIE
    Running micro-F1 after 239 case(s): Raw=39.70% | DualGraph=35.57%
    +--------------------------------------------------+
[240/875] 13071 · QA · clean
    - source_graph: cache hit
    - raw_direct: nano
    - response_graph: nano
    - alignment + complete-error-clause projection: nano
    +---------------- CASE PERFORMANCE ----------------+
    Gold       spans=[none]
    Raw        P=100.00% R=100.00% F1=100.00% | detect=OK | spans=[none]
    DualGraph  P=100.00% R=100.00% F1=100.00% | detect=OK | spans=[none]
    Compiler   claims=8 | sentences=12 | claims/sentence=0.67 | whole-sentence nodes=2 | fragments=2 | refinement=YES/local_node_patch
    Case delta DualGraph-Raw = +0.00 pp | winner=TIE
    Running micro-F1 after 240 case(s): Raw=39.70% | DualGraph=35.57%
    +--------------------------------------------------+
[241/875] 16633 · QA · clean
    - source_graph: cache hit
    - raw_direct: nano
    - response_graph: nano
    - alignment + complete-error-clause projection: nano
    +---------------- CASE PERFORMANCE ----------------+
    Gold       spans=[none]
    Raw        P=  0.00% R=  0.00% F1=  0.00% | detect=MISS | spans=[23:44] 'necessary information' (unsupported)
    DualGraph  P=100.00% R=100.00% F1=100.00% | detect=OK | spans=[none]
    Compiler   claims=4 | sentences=4 | claims/sentence=1.00 | whole-sentence nodes=4 | fragments=2 | refinement=YES/local_node_patch
    Case delta DualGraph-Raw = +100.00 pp | winner=DUAL_GRAPH
    Running micro-F1 after 241 case(s): Raw=39.66% | DualGraph=35.57%
    +--------------------------------------------------+
[242/875] 12445 · QA · clean
    - source_graph: cache hit
    - raw_direct: nano
    - response_graph: nano
    - alignment + complete-error-clause projection: nano
    +---------------- CASE PERFORMANCE ----------------+
    Gold       spans=[none]
    Raw        P=100.00% R=100.00% F1=100.00% | detect=OK | spans=[none]
    DualGraph  P=100.00% R=100.00% F1=100.00% | detect=OK | spans=[none]
    Compiler   claims=5 | sentences=5 | claims/sentence=1.00 | whole-sentence nodes=5 | fragments=0 | refinement=NO/none
    Case delta DualGraph-Raw = +0.00 pp | winner=TIE
    Running micro-F1 after 242 case(s): Raw=39.66% | DualGraph=35.57%
    +--------------------------------------------------+
[243/875] 16147 · QA · clean
    - source_graph: cache hit
    - raw_direct: nano
    - response_graph: nano
    - alignment + complete-error-clause projection: nano
    +---------------- CASE PERFORMANCE ----------------+
    Gold       spans=[none]
    Raw        P=100.00% R=100.00% F1=100.00% | detect=OK | spans=[none]
    DualGraph  P=100.00% R=100.00% F1=100.00% | detect=OK | spans=[none]
    Compiler   claims=2 | sentences=1 | claims/sentence=2.00 | whole-sentence nodes=0 | fragments=0 | refinement=NO/none
    Case delta DualGraph-Raw = +0.00 pp | winner=TIE
    Running micro-F1 after 243 case(s): Raw=39.66% | DualGraph=35.57%
    +--------------------------------------------------+
[244/875] 15203 · QA · clean
    - raw_direct: nano
    - source_graph: nano
    - response_graph: nano
    - alignment + complete-error-clause projection: nano
    +---------------- CASE PERFORMANCE ----------------+
    Gold       spans=[none]
    Raw        P=  0.00% R=  0.00% F1=  0.00% | detect=MISS | spans=[426:456] 'typically larger than a crater' (unsupported)
    DualGraph  P=100.00% R=100.00% F1=100.00% | detect=OK | spans=[none]
    Compiler   claims=9 | sentences=4 | claims/sentence=2.25 | whole-sentence nodes=0 | fragments=1 | refinement=YES/local_node_patch
    Case delta DualGraph-Raw = +100.00 pp | winner=DUAL_GRAPH
    Running micro-F1 after 244 case(s): Raw=39.61% | DualGraph=35.57%
    +--------------------------------------------------+
[245/875] 14131 · QA · hallucinated
    - raw_direct: nano
    - source_graph: nano
    - response_graph: nano
    - alignment + complete-error-clause projection: nano
    +---------------- CASE PERFORMANCE ----------------+
    Gold       spans=[61:88] 'a ball at the top of a ramp' (unsupported)
    Raw        P= 39.13% R=100.00% F1= 56.25% | detect=OK | spans=[37:59] 'a car parked on a hill' (unsupported); [61:88] 'a ball at the top of a ramp' (unsupported); [94:114] 'a satellite in orbit' (unsupported)
    DualGraph  P=  0.00% R=  0.00% F1=  0.00% | detect=MISS | spans=[none]
    Compiler   claims=6 | sentences=2 | claims/sentence=3.00 | whole-sentence nodes=0 | fragments=1 | refinement=YES/local_node_patch
    Case delta DualGraph-Raw = -56.25 pp | winner=RAW_DIRECT
    Running micro-F1 after 245 case(s): Raw=39.68% | DualGraph=35.52%
    +--------------------------------------------------+
[246/875] 14291 · QA · clean
    - source_graph: cache hit
    - raw_direct: nano
    - response_graph: nano
    - alignment + complete-error-clause projection: nano
    +---------------- CASE PERFORMANCE ----------------+
    Gold       spans=[none]
    Raw        P=100.00% R=100.00% F1=100.00% | detect=OK | spans=[none]
    DualGraph  P=100.00% R=100.00% F1=100.00% | detect=OK | spans=[none]
    Compiler   claims=8 | sentences=12 | claims/sentence=0.67 | whole-sentence nodes=8 | fragments=0 | refinement=NO/none
    Case delta DualGraph-Raw = +0.00 pp | winner=TIE
    Running micro-F1 after 246 case(s): Raw=39.68% | DualGraph=35.52%
    +--------------------------------------------------+
[247/875] 17056 · QA · clean
    - source_graph: cache hit
    - raw_direct: nano
    - response_graph: nano
    - alignment + complete-error-clause projection: nano
    +---------------- CASE PERFORMANCE ----------------+
    Gold       spans=[none]
    Raw        P=100.00% R=100.00% F1=100.00% | detect=OK | spans=[none]
    DualGraph  P=100.00% R=100.00% F1=100.00% | detect=OK | spans=[none]
    Compiler   claims=3 | sentences=3 | claims/sentence=1.00 | whole-sentence nodes=0 | fragments=1 | refinement=YES/local_node_patch
    Case delta DualGraph-Raw = +0.00 pp | winner=TIE
    Running micro-F1 after 247 case(s): Raw=39.68% | DualGraph=35.52%
    +--------------------------------------------------+
[248/875] 15481 · QA · clean
    - source_graph: cache hit
    - raw_direct: nano
    - response_graph: nano
    - alignment + complete-error-clause projection: nano
    +---------------- CASE PERFORMANCE ----------------+
    Gold       spans=[none]
    Raw        P=  0.00% R=  0.00% F1=  0.00% | detect=MISS | spans=[331:364] 'continues to use third-party apps' (unsupported)
    DualGraph  P=100.00% R=100.00% F1=100.00% | detect=OK | spans=[none]
    Compiler   claims=4 | sentences=3 | claims/sentence=1.33 | whole-sentence nodes=1 | fragments=0 | refinement=YES/local_node_patch
    Case delta DualGraph-Raw = +100.00 pp | winner=DUAL_GRAPH
    Running micro-F1 after 248 case(s): Raw=39.62% | DualGraph=35.52%
    +--------------------------------------------------+
[249/875] 15552 · QA · clean
    - source_graph: cache hit
    - raw_direct: nano
    - response_graph: nano
    - alignment + complete-error-clause projection: nano
    +---------------- CASE PERFORMANCE ----------------+
    Gold       spans=[none]
    Raw        P=100.00% R=100.00% F1=100.00% | detect=OK | spans=[none]
    DualGraph  P=100.00% R=100.00% F1=100.00% | detect=OK | spans=[none]
    Compiler   claims=14 | sentences=6 | claims/sentence=2.33 | whole-sentence nodes=2 | fragments=5 | refinement=YES/local_node_patch
    Case delta DualGraph-Raw = +0.00 pp | winner=TIE
    Running micro-F1 after 249 case(s): Raw=39.62% | DualGraph=35.52%
    +--------------------------------------------------+
[250/875] 12333 · QA · clean
    - source_graph: cache hit
    - raw_direct: nano
    - response_graph: nano
    - alignment + complete-error-clause projection: nano
    +---------------- CASE PERFORMANCE ----------------+
    Gold       spans=[none]
    Raw        P=  0.00% R=  0.00% F1=  0.00% | detect=MISS | spans=[350:412] 'do not necessarily mean that the coworker is flirting with you' (unsupported); [418:496] "it's always best to communicate directly with them to clarify their intentions" (unsupported); [530:626] "respect boundaries and avoid making assumptions about someone's intentions without thei..." (unsupported)
    DualGraph  P=  0.00% R=  0.00% F1=  0.00% | detect=MISS | spans=[115:210] 'Physical contact that eludes to sexual activity or can be misconstrued as fondling (Pas...' (unsupported); [214:253] 'Staring at you excessively (Passage 2).' (unsupported)
    Compiler   claims=6 | sentences=9 | claims/sentence=0.67 | whole-sentence nodes=2 | fragments=2 | refinement=YES/local_node_patch
    Case delta DualGraph-Raw = +0.00 pp | winner=TIE
    Running micro-F1 after 250 case(s): Raw=39.23% | DualGraph=35.27%
    +--------------------------------------------------+
[251/875] 16635 · QA · clean
    - source_graph: cache hit
    - raw_direct: nano
    - response_graph: nano
    - alignment + complete-error-clause projection: nano
    +---------------- CASE PERFORMANCE ----------------+
    Gold       spans=[none]
    Raw        P=  0.00% R=  0.00% F1=  0.00% | detect=MISS | spans=[632:675] 'by right-clicking it and selecting "Remove"' (unsupported); [941:1038] 'there is no specific instruction on how to force the removal of a printer if the above ...' (contradiction); [1142:1183] 'Unable to answer based on given passages.' (unsupported)
    DualGraph  P=100.00% R=100.00% F1=100.00% | detect=OK | spans=[none]
    Compiler   claims=15 | sentences=19 | claims/sentence=0.79 | whole-sentence nodes=1 | fragments=10 | refinement=YES/local_node_patch
    Case delta DualGraph-Raw = +100.00 pp | winner=DUAL_GRAPH
    Running micro-F1 after 251 case(s): Raw=38.94% | DualGraph=35.27%
    +--------------------------------------------------+
[252/875] 14847 · QA · clean
    - source_graph: cache hit
    - raw_direct: nano
    - response_graph: nano
    - alignment + complete-error-clause projection: nano
    +---------------- CASE PERFORMANCE ----------------+
    Gold       spans=[none]
    Raw        P=100.00% R=100.00% F1=100.00% | detect=OK | spans=[none]
    DualGraph  P=100.00% R=100.00% F1=100.00% | detect=OK | spans=[none]
    Compiler   claims=10 | sentences=9 | claims/sentence=1.11 | whole-sentence nodes=7 | fragments=0 | refinement=YES/local_node_patch
    Case delta DualGraph-Raw = +0.00 pp | winner=TIE
    Running micro-F1 after 252 case(s): Raw=38.94% | DualGraph=35.27%
    +--------------------------------------------------+
[253/875] 13492 · QA · clean
    - source_graph: cache hit
    - raw_direct: nano
    - response_graph: nano
    - alignment + complete-error-clause projection: nano
    +---------------- CASE PERFORMANCE ----------------+
    Gold       spans=[none]
    Raw        P=  0.00% R=  0.00% F1=  0.00% | detect=MISS | spans=[340:344] 'bait' (unsupported); [458:484] 'retrieved by the fisherman' (unsupported); [664:688] 'abandoned or become lost' (unsupported)
    DualGraph  P=100.00% R=100.00% F1=100.00% | detect=OK | spans=[none]
    Compiler   claims=6 | sentences=7 | claims/sentence=0.86 | whole-sentence nodes=6 | fragments=0 | refinement=NO/none
    Case delta DualGraph-Raw = +100.00 pp | winner=DUAL_GRAPH
    Running micro-F1 after 253 case(s): Raw=38.85% | DualGraph=35.27%
    +--------------------------------------------------+
[254/875] 14009 · QA · clean
    - raw_direct: nano
    - source_graph: nano
    - response_graph: nano
    - alignment + complete-error-clause projection: nano
    +---------------- CASE PERFORMANCE ----------------+
    Gold       spans=[none]
    Raw        P=100.00% R=100.00% F1=100.00% | detect=OK | spans=[none]
    DualGraph  P=100.00% R=100.00% F1=100.00% | detect=OK | spans=[none]
    Compiler   claims=5 | sentences=3 | claims/sentence=1.67 | whole-sentence nodes=0 | fragments=2 | refinement=YES/local_node_patch
    Case delta DualGraph-Raw = +0.00 pp | winner=TIE
    Running micro-F1 after 254 case(s): Raw=38.85% | DualGraph=35.27%
    +--------------------------------------------------+
[255/875] 14752 · QA · clean
    - source_graph: cache hit
    - raw_direct: nano
    - response_graph: nano
    - alignment + complete-error-clause projection: nano
    +---------------- CASE PERFORMANCE ----------------+
    Gold       spans=[none]
    Raw        P=  0.00% R=  0.00% F1=  0.00% | detect=MISS | spans=[795:890] 'Therefore, to arrange an Excel sheet alphabetically, you can use either method describe...' (unsupported)
    DualGraph  P=100.00% R=100.00% F1=100.00% | detect=OK | spans=[none]
    Compiler   claims=13 | sentences=21 | claims/sentence=0.62 | whole-sentence nodes=7 | fragments=11 | refinement=YES/local_node_patch
    Case delta DualGraph-Raw = +100.00 pp | winner=DUAL_GRAPH
    Running micro-F1 after 255 case(s): Raw=38.70% | DualGraph=35.27%
    +--------------------------------------------------+
[256/875] 12603 · QA · clean
    - source_graph: cache hit
    - raw_direct: nano
    - response_graph: nano
    - alignment + complete-error-clause projection: nano
    +---------------- CASE PERFORMANCE ----------------+
    Gold       spans=[none]
    Raw        P=  0.00% R=  0.00% F1=  0.00% | detect=MISS | spans=[169:175] 'Reaper' (contradiction)
    DualGraph  P=  0.00% R=  0.00% F1=  0.00% | detect=MISS | spans=[168:192] '"Reaper; from Therasia."' (unsupported)
    Compiler   claims=5 | sentences=6 | claims/sentence=0.83 | whole-sentence nodes=1 | fragments=0 | refinement=NO/none
    Case delta DualGraph-Raw = +0.00 pp | winner=TIE
    Running micro-F1 after 256 case(s): Raw=38.69% | DualGraph=35.23%
    +--------------------------------------------------+
[257/875] 15712 · QA · hallucinated
    - source_graph: cache hit
    - raw_direct: nano
    - response_graph: nano
    - alignment + complete-error-clause projection: nano
    +---------------- CASE PERFORMANCE ----------------+
    Gold       spans=[475:588] 'Passage 3 does not provide any information related to the difference between sirloin st...' (contradiction)
    Raw        P= 34.56% R=100.00% F1= 51.36% | detect=OK | spans=[475:588] 'Passage 3 does not provide any information related to the difference between sirloin st...' (unsupported); [590:804] 'Therefore, the main difference between sirloin steak and porterhouse steak is the size ...' (unsupported)
    DualGraph  P=  0.00% R=  0.00% F1=  0.00% | detect=MISS | spans=[none]
    Compiler   claims=9 | sentences=6 | claims/sentence=1.50 | whole-sentence nodes=2 | fragments=1 | refinement=YES/local_node_patch
    Case delta DualGraph-Raw = -51.36 pp | winner=RAW_DIRECT
    Running micro-F1 after 257 case(s): Raw=38.91% | DualGraph=35.02%
    +--------------------------------------------------+
[258/875] 16883 · QA · hallucinated
    - source_graph: cache hit
    - raw_direct: nano
    - response_graph: nano
    - alignment + complete-error-clause projection: nano
    +---------------- CASE PERFORMANCE ----------------+
    Gold       spans=[163:200] 'and is about 1-2 inches on each side.' (unsupported)
    Raw        P=  0.00% R=  0.00% F1=  0.00% | detect=OK | spans=[298:316] 'well-draining soil' (unsupported); [318:339] 'about 4-6 inches deep' (contradiction)
    DualGraph  P=  0.00% R=  0.00% F1=  0.00% | detect=OK | spans=[318:339] 'about 4-6 inches deep' (unsupported)
    Compiler   claims=12 | sentences=14 | claims/sentence=0.86 | whole-sentence nodes=0 | fragments=7 | refinement=YES/local_node_patch
    Case delta DualGraph-Raw = +0.00 pp | winner=TIE
    Running micro-F1 after 258 case(s): Raw=38.79% | DualGraph=34.92%
    +--------------------------------------------------+
[259/875] 13367 · QA · hallucinated
    - source_graph: cache hit
    - raw_direct: nano
    - response_graph: nano
    - alignment + complete-error-clause projection: nano
    +---------------- CASE PERFORMANCE ----------------+
    Gold       spans=[52:123] '1. Fill a sink with hot water and add a small amount of mild detergent.' (unsupported)
    Raw        P=  0.00% R=  0.00% F1=  0.00% | detect=OK | spans=[789:873] 'use a gentle wine cleaner or decanter to remove the stains before washing the glass.' (unsupported)
    DualGraph  P=  0.00% R=  0.00% F1=  0.00% | detect=OK | spans=[789:873] 'use a gentle wine cleaner or decanter to remove the stains before washing the glass.' (unsupported)
    Compiler   claims=10 | sentences=17 | claims/sentence=0.59 | whole-sentence nodes=8 | fragments=5 | refinement=YES/local_node_patch
    Case delta DualGraph-Raw = +0.00 pp | winner=TIE
    Running micro-F1 after 259 case(s): Raw=38.55% | DualGraph=34.64%
    +--------------------------------------------------+
[260/875] 16798 · QA · hallucinated
    - source_graph: cache hit
    - raw_direct: nano
    - response_graph: nano
    - alignment + complete-error-clause projection: nano
    +---------------- CASE PERFORMANCE ----------------+
    Gold       spans=[806:1036] "However, it's important to note that the specific health benefits of jalapenos may vary..." (unsupported); [628:674] 'including vitamin C and potassium (Passage 2).' (unsupported); [724:804] 'which can help protect the body from damage caused by free radicals (Passage 2).' (unsupported); [231:278] 'which can increase metabolism and burn calories' (unsupported)
    Raw        P= 87.50% R= 17.37% F1= 28.99% | detect=OK | spans=[241:278] 'increase metabolism and burn calories' (unsupported); [628:661] 'including vitamin C and potassium' (unsupported); [489:499] 'and stroke' (unsupported)
    DualGraph  P= 36.20% R= 19.85% F1= 25.64% | detect=OK | spans=[204:278] 'due to their spicy nature, which can increase metabolism and burn calories' (unsupported); [433:547] 'Jalapenos may help prevent heart disease, heart attack, and stroke by improving cardiov...' (unsupported); [628:661] 'including vitamin C and potassium' (unsupported)
    Compiler   claims=8 | sentences=14 | claims/sentence=0.57 | whole-sentence nodes=0 | fragments=0 | refinement=YES/local_node_patch
    Case delta DualGraph-Raw = -3.34 pp | winner=RAW_DIRECT
    Running micro-F1 after 260 case(s): Raw=38.37% | DualGraph=34.36%
    +--------------------------------------------------+
[261/875] 11908 · QA · hallucinated
    - source_graph: cache hit
    - raw_direct: nano
    - response_graph: nano
    - alignment + complete-error-clause projection: nano
    - catch saved: dual_material_uplift → catch_candidates/cases/11908.json
    +---------------- CASE PERFORMANCE ----------------+
    Gold       spans=[258:333] 'the lowest average pay in Mississippi ($18.60 per hour or $38,900 per year)' (unsupported)
    Raw        P= 25.00% R= 69.33% F1= 36.75% | detect=OK | spans=[281:333] 'in Mississippi ($18.60 per hour or $38,900 per year)' (unsupported); [554:628] 'do not provide specific information on how automotive technicians get paid' (contradiction); [629:654] 'or their typical salaries' (contradiction); [672:729] 'unable to answer the question based on the given passages' (contradiction)
    DualGraph  P= 46.01% R=100.00% F1= 63.03% | detect=OK | spans=[258:334] 'the lowest average pay in Mississippi ($18.60 per hour or $38,900 per year).' (unsupported); [541:628] 'the passages do not provide specific information on how automotive technicians get paid' (unsupported)
    Compiler   claims=6 | sentences=5 | claims/sentence=1.20 | whole-sentence nodes=0 | fragments=2 | refinement=YES/local_node_patch
    Case delta DualGraph-Raw = +26.28 pp | winner=DUAL_GRAPH
    Running micro-F1 after 261 case(s): Raw=38.35% | DualGraph=34.69%
    +--------------------------------------------------+
[262/875] 15345 · QA · hallucinated
    - source_graph: cache hit
    - raw_direct: nano
    - response_graph: nano
    - alignment + complete-error-clause projection: nano
    +---------------- CASE PERFORMANCE ----------------+
    Gold       spans=[853:1030] '* Building muscle strength and endurance * Improving balance and coordination * Enhanci...' (unsupported)
    Raw        P= 75.80% R= 93.79% F1= 83.84% | detect=OK | spans=[213:266] 'allowing them to disconnect from their daily routines' (unsupported); [855:893] 'Building muscle strength and endurance' (unsupported); [896:930] 'Improving balance and coordination' (unsupported); [933:961] 'Enhancing cognitive function' (unsupported); [964:1030] 'Reducing the risk of chronic diseases such as obesity and diabetes' (unsupported)
    DualGraph  P=  0.00% R=  0.00% F1=  0.00% | detect=MISS | spans=[none]
    Compiler   claims=7 | sentences=16 | claims/sentence=0.44 | whole-sentence nodes=0 | fragments=0 | refinement=YES/local_node_patch
    Case delta DualGraph-Raw = -83.84 pp | winner=RAW_DIRECT
    Running micro-F1 after 262 case(s): Raw=39.04% | DualGraph=34.39%
    +--------------------------------------------------+
[263/875] 14284 · QA · hallucinated
    - source_graph: cache hit
    - raw_direct: nano
    - response_graph: nano
    - alignment + complete-error-clause projection: nano
    +---------------- CASE PERFORMANCE ----------------+
    Gold       spans=[32:107] 'the average cost to install a second floor in a house cannot be determined.' (contradiction)
    Raw        P= 13.79% R= 26.67% F1= 18.18% | detect=OK | spans=[86:106] 'cannot be determined' (unsupported); [241:309] 'do not provide an overall average cost for installing a second floor' (unsupported); [327:384] 'unable to answer the question based on the given passages' (unsupported)
    DualGraph  P=100.00% R= 26.67% F1= 42.11% | detect=OK | spans=[86:106] 'cannot be determined' (unsupported)
    Compiler   claims=4 | sentences=3 | claims/sentence=1.33 | whole-sentence nodes=2 | fragments=0 | refinement=YES/local_node_patch
    Case delta DualGraph-Raw = +23.92 pp | winner=DUAL_GRAPH
    Running micro-F1 after 263 case(s): Raw=38.87% | DualGraph=34.43%
    +--------------------------------------------------+
[264/875] 13465 · QA · clean
    - source_graph: cache hit
    - raw_direct: nano
    - response_graph: nano
    - alignment + complete-error-clause projection: nano
    +---------------- CASE PERFORMANCE ----------------+
    Gold       spans=[none]
    Raw        P=100.00% R=100.00% F1=100.00% | detect=OK | spans=[none]
    DualGraph  P=100.00% R=100.00% F1=100.00% | detect=OK | spans=[none]
    Compiler   claims=8 | sentences=5 | claims/sentence=1.60 | whole-sentence nodes=2 | fragments=1 | refinement=YES/local_node_patch
    Case delta DualGraph-Raw = +0.00 pp | winner=TIE
    Running micro-F1 after 264 case(s): Raw=38.87% | DualGraph=34.43%
    +--------------------------------------------------+
[265/875] 15175 · QA · clean
    - raw_direct: nano
    - source_graph: nano
    - response_graph: nano
    - alignment + complete-error-clause projection: nano
    +---------------- CASE PERFORMANCE ----------------+
    Gold       spans=[none]
    Raw        P=100.00% R=100.00% F1=100.00% | detect=OK | spans=[none]
    DualGraph  P=100.00% R=100.00% F1=100.00% | detect=OK | spans=[none]
    Compiler   claims=3 | sentences=3 | claims/sentence=1.00 | whole-sentence nodes=3 | fragments=0 | refinement=NO/none
    Case delta DualGraph-Raw = +0.00 pp | winner=TIE
    Running micro-F1 after 265 case(s): Raw=38.87% | DualGraph=34.43%
    +--------------------------------------------------+
[266/875] 14890 · QA · clean
    - source_graph: cache hit
    - raw_direct: nano
    - response_graph: nano
    - alignment + complete-error-clause projection: nano
    +---------------- CASE PERFORMANCE ----------------+
    Gold       spans=[none]
    Raw        P=  0.00% R=  0.00% F1=  0.00% | detect=MISS | spans=[29:140] 'it is not possible to find deleted pictures on an iPhone through the Messages app or an...' (contradiction); [276:356] 'do not mention anything about recovering deleted pictures from the iPhone itself' (contradiction); [531:572] 'Unable to answer based on given passages.' (contradiction)
    DualGraph  P=  0.00% R=  0.00% F1=  0.00% | detect=MISS | spans=[29:141] 'it is not possible to find deleted pictures on an iPhone through the Messages app or an...' (contradiction); [252:357] 'passage 2 and passage 3 do not mention anything about recovering deleted pictures from ...' (contradiction)
    Compiler   claims=5 | sentences=5 | claims/sentence=1.00 | whole-sentence nodes=0 | fragments=0 | refinement=NO/none
    Case delta DualGraph-Raw = +0.00 pp | winner=TIE
    Running micro-F1 after 266 case(s): Raw=38.53% | DualGraph=34.07%
    +--------------------------------------------------+
[267/875] 13131 · QA · clean
    - source_graph: cache hit
    - raw_direct: nano
    - response_graph: nano
    - alignment + complete-error-clause projection: nano
    +---------------- CASE PERFORMANCE ----------------+
    Gold       spans=[none]
    Raw        P=  0.00% R=  0.00% F1=  0.00% | detect=MISS | spans=[791:832] 'Unable to answer based on given passages.' (contradiction); [833:941] 'The passages do not provide information on how to soften other types of sugar, such as ...' (unsupported)
    DualGraph  P=100.00% R=100.00% F1=100.00% | detect=OK | spans=[none]
    Compiler   claims=9 | sentences=16 | claims/sentence=0.56 | whole-sentence nodes=9 | fragments=5 | refinement=YES/local_node_patch
    Case delta DualGraph-Raw = +100.00 pp | winner=DUAL_GRAPH
    Running micro-F1 after 267 case(s): Raw=38.31% | DualGraph=34.07%
    +--------------------------------------------------+
[268/875] 14717 · QA · hallucinated
    - source_graph: cache hit
    - raw_direct: nano
    - response_graph: nano
    - alignment + complete-error-clause projection: nano
    - catch saved: dual_material_uplift → catch_candidates/cases/14717.json
    +---------------- CASE PERFORMANCE ----------------+
    Gold       spans=[542:711] 'Other foods that may contain gluten include sauces, gravies, and processed meats. It is...' (unsupported)
    Raw        P= 42.86% R= 21.30% F1= 28.46% | detect=OK | spans=[459:507] 'these are not the only foods that contain gluten' (unsupported); [586:622] 'sauces, gravies, and processed meats' (unsupported)
    DualGraph  P=100.00% R= 47.93% F1= 64.80% | detect=OK | spans=[542:623] 'Other foods that may contain gluten include sauces, gravies, and processed meats.' (unsupported)
    Compiler   claims=7 | sentences=9 | claims/sentence=0.78 | whole-sentence nodes=1 | fragments=4 | refinement=YES/local_node_patch
    Case delta DualGraph-Raw = +36.34 pp | winner=DUAL_GRAPH
    Running micro-F1 after 268 case(s): Raw=38.22% | DualGraph=34.43%
    +--------------------------------------------------+
[269/875] 15778 · QA · clean
    - source_graph: cache hit
    - raw_direct: nano
    - response_graph: nano
    - alignment + complete-error-clause projection: nano
    +---------------- CASE PERFORMANCE ----------------+
    Gold       spans=[none]
    Raw        P=  0.00% R=  0.00% F1=  0.00% | detect=MISS | spans=[419:428] 'Passage 3' (unsupported)
    DualGraph  P=100.00% R=100.00% F1=100.00% | detect=OK | spans=[none]
    Compiler   claims=6 | sentences=10 | claims/sentence=0.60 | whole-sentence nodes=5 | fragments=0 | refinement=YES/local_node_patch
    Case delta DualGraph-Raw = +100.00 pp | winner=DUAL_GRAPH
    Running micro-F1 after 269 case(s): Raw=38.21% | DualGraph=34.43%
    +--------------------------------------------------+
[270/875] 16452 · QA · clean
    - source_graph: cache hit
    - raw_direct: nano
    - response_graph: nano
    - alignment + complete-error-clause projection: nano
    +---------------- CASE PERFORMANCE ----------------+
    Gold       spans=[none]
    Raw        P=100.00% R=100.00% F1=100.00% | detect=OK | spans=[none]
    DualGraph  P=100.00% R=100.00% F1=100.00% | detect=OK | spans=[none]
    Compiler   claims=1 | sentences=1 | claims/sentence=1.00 | whole-sentence nodes=1 | fragments=0 | refinement=NO/none
    Case delta DualGraph-Raw = +0.00 pp | winner=TIE
    Running micro-F1 after 270 case(s): Raw=38.21% | DualGraph=34.43%
    +--------------------------------------------------+
[271/875] 13162 · QA · hallucinated
    - raw_direct: nano
    - source_graph: nano
    - response_graph: nano
    - alignment + complete-error-clause projection: nano
    +---------------- CASE PERFORMANCE ----------------+
    Gold       spans=[786:988] 'Please note that these instructions assume that the prime rib roast is small enough to ...' (unsupported)
    Raw        P=100.00% R= 39.11% F1= 56.23% | detect=OK | spans=[882:909] 'standard-sized roasting pan' (unsupported); [935:987] 'the cooking time may need to be adjusted accordingly' (unsupported)
    DualGraph  P=100.00% R= 52.97% F1= 69.26% | detect=OK | spans=[803:910] 'these instructions assume that the prime rib roast is small enough to fit in a standard...' (unsupported)
    Compiler   claims=13 | sentences=24 | claims/sentence=0.54 | whole-sentence nodes=13 | fragments=5 | refinement=YES/local_node_patch
    Case delta DualGraph-Raw = +13.03 pp | winner=DUAL_GRAPH
    Running micro-F1 after 271 case(s): Raw=38.39% | DualGraph=34.94%
    +--------------------------------------------------+
[272/875] 14513 · QA · clean
    - source_graph: cache hit
    - raw_direct: nano
    - response_graph: nano
    - alignment + complete-error-clause projection: nano
    +---------------- CASE PERFORMANCE ----------------+
    Gold       spans=[none]
    Raw        P=  0.00% R=  0.00% F1=  0.00% | detect=MISS | spans=[4:105] 'main difference between ad hominem fallacy and poisoning the well fallacy is the timing...' (unsupported); [359:406] 'ad hominem fallacy is a reaction to an argument' (unsupported)
    DualGraph  P=100.00% R=100.00% F1=100.00% | detect=OK | spans=[none]
    Compiler   claims=5 | sentences=3 | claims/sentence=1.67 | whole-sentence nodes=1 | fragments=0 | refinement=NO/none
    Case delta DualGraph-Raw = +100.00 pp | winner=DUAL_GRAPH
    Running micro-F1 after 272 case(s): Raw=38.19% | DualGraph=34.94%
    +--------------------------------------------------+
[273/875] 14502 · QA · clean
    - source_graph: cache hit
    - raw_direct: nano
    - response_graph: nano
    - alignment + complete-error-clause projection: nano
    +---------------- CASE PERFORMANCE ----------------+
    Gold       spans=[none]
    Raw        P=100.00% R=100.00% F1=100.00% | detect=OK | spans=[none]
    DualGraph  P=100.00% R=100.00% F1=100.00% | detect=OK | spans=[none]
    Compiler   claims=10 | sentences=4 | claims/sentence=2.50 | whole-sentence nodes=0 | fragments=3 | refinement=YES/local_node_patch
    Case delta DualGraph-Raw = +0.00 pp | winner=TIE
    Running micro-F1 after 273 case(s): Raw=38.19% | DualGraph=34.94%
    +--------------------------------------------------+
[274/875] 17755 · QA · clean
    - source_graph: cache hit
    - raw_direct: nano
    - response_graph: nano
    - alignment + complete-error-clause projection: nano
    +---------------- CASE PERFORMANCE ----------------+
    Gold       spans=[none]
    Raw        P=100.00% R=100.00% F1=100.00% | detect=OK | spans=[none]
    DualGraph  P=100.00% R=100.00% F1=100.00% | detect=OK | spans=[none]
    Compiler   claims=3 | sentences=1 | claims/sentence=3.00 | whole-sentence nodes=0 | fragments=0 | refinement=YES/local_node_patch
    Case delta DualGraph-Raw = +0.00 pp | winner=TIE
    Running micro-F1 after 274 case(s): Raw=38.19% | DualGraph=34.94%
    +--------------------------------------------------+
[275/875] 12219 · QA · hallucinated
    - source_graph: cache hit
    - raw_direct: nano
    - response_graph: nano
    - alignment + complete-error-clause projection: nano
    +---------------- CASE PERFORMANCE ----------------+
    Gold       spans=[975:1035] 'Passage 3 does not provide instructions for folding a quilt.' (contradiction)
    Raw        P= 35.09% R=100.00% F1= 51.95% | detect=OK | spans=[313:337] 'fold a quilt into thirds' (unsupported); [923:972] 'folding it in thirds along the bias of the fabric' (unsupported); [975:1035] 'Passage 3 does not provide instructions for folding a quilt.' (contradiction); [1161:1199] 'in thirds along the bias of the fabric' (unsupported)
    DualGraph  P= 29.27% R=100.00% F1= 45.28% | detect=OK | spans=[138:209] 'However, it does not provide instructions for folding the quilt itself.' (contradiction); [210:284] 'Therefore, I am unable to answer the question based on this passage alone.' (contradiction); [975:1035] 'Passage 3 does not provide instructions for folding a quilt.' (contradiction)
    Compiler   claims=13 | sentences=23 | claims/sentence=0.56 | whole-sentence nodes=13 | fragments=4 | refinement=YES/local_node_patch
    Case delta DualGraph-Raw = -6.67 pp | winner=RAW_DIRECT
    Running micro-F1 after 275 case(s): Raw=38.30% | DualGraph=35.07%
    +--------------------------------------------------+
[276/875] 17566 · QA · clean
    - raw_direct: nano
    - source_graph: nano
    - response_graph: nano
    - alignment + complete-error-clause projection: nano
    +---------------- CASE PERFORMANCE ----------------+
    Gold       spans=[none]
    Raw        P=  0.00% R=  0.00% F1=  0.00% | detect=MISS | spans=[135:142] "today's" (unsupported)
    DualGraph  P=100.00% R=100.00% F1=100.00% | detect=OK | spans=[none]
    Compiler   claims=4 | sentences=5 | claims/sentence=0.80 | whole-sentence nodes=1 | fragments=2 | refinement=YES/local_node_patch
    Case delta DualGraph-Raw = +100.00 pp | winner=DUAL_GRAPH
    Running micro-F1 after 276 case(s): Raw=38.29% | DualGraph=35.07%
    +--------------------------------------------------+
[277/875] 17197 · QA · clean
    - source_graph: cache hit
    - raw_direct: nano
    - response_graph: nano
    - alignment + complete-error-clause projection: nano
    +---------------- CASE PERFORMANCE ----------------+
    Gold       spans=[none]
    Raw        P=  0.00% R=  0.00% F1=  0.00% | detect=MISS | spans=[55:81] 'does not directly increase' (unsupported)
    DualGraph  P=  0.00% R=  0.00% F1=  0.00% | detect=MISS | spans=[29:101] 'watching Snapchat stories does not directly increase your Snapchat score' (unsupported)
    Compiler   claims=2 | sentences=2 | claims/sentence=1.00 | whole-sentence nodes=2 | fragments=0 | refinement=NO/none
    Case delta DualGraph-Raw = +0.00 pp | winner=TIE
    Running micro-F1 after 277 case(s): Raw=38.25% | DualGraph=34.95%
    +--------------------------------------------------+
[278/875] 16880 · QA · clean
    - source_graph: cache hit
    - raw_direct: nano
    - response_graph: nano
    - alignment + complete-error-clause projection: nano
    +---------------- CASE PERFORMANCE ----------------+
    Gold       spans=[none]
    Raw        P=  0.00% R=  0.00% F1=  0.00% | detect=MISS | spans=[295:323] 'thoroughly wash the potatoes' (unsupported)
    DualGraph  P=  0.00% R=  0.00% F1=  0.00% | detect=MISS | spans=[295:323] 'thoroughly wash the potatoes' (unsupported)
    Compiler   claims=12 | sentences=17 | claims/sentence=0.71 | whole-sentence nodes=8 | fragments=4 | refinement=YES/local_node_patch
    Case delta DualGraph-Raw = +0.00 pp | winner=TIE
    Running micro-F1 after 278 case(s): Raw=38.22% | DualGraph=34.90%
    +--------------------------------------------------+
[279/875] 17117 · QA · clean
    - source_graph: cache hit
    - raw_direct: nano
    - response_graph: nano
    - alignment + complete-error-clause projection: nano
    +---------------- CASE PERFORMANCE ----------------+
    Gold       spans=[none]
    Raw        P=  0.00% R=  0.00% F1=  0.00% | detect=MISS | spans=[359:385] 'materials, and labor costs' (unsupported)
    DualGraph  P=  0.00% R=  0.00% F1=  0.00% | detect=MISS | spans=[43:175] 'The passages provided do not contain specific information about the cost of replacing s...' (unsupported)
    Compiler   claims=7 | sentences=5 | claims/sentence=1.40 | whole-sentence nodes=2 | fragments=0 | refinement=YES/local_node_patch
    Case delta DualGraph-Raw = +0.00 pp | winner=TIE
    Running micro-F1 after 279 case(s): Raw=38.18% | DualGraph=34.69%
    +--------------------------------------------------+
[280/875] 13716 · QA · clean
    - source_graph: cache hit
    - raw_direct: nano
    - response_graph: nano
    - alignment + complete-error-clause projection: nano
    +---------------- CASE PERFORMANCE ----------------+
    Gold       spans=[none]
    Raw        P=100.00% R=100.00% F1=100.00% | detect=OK | spans=[none]
    DualGraph  P=100.00% R=100.00% F1=100.00% | detect=OK | spans=[none]
    Compiler   claims=10 | sentences=7 | claims/sentence=1.43 | whole-sentence nodes=4 | fragments=4 | refinement=YES/local_node_patch
    Case delta DualGraph-Raw = +0.00 pp | winner=TIE
    Running micro-F1 after 280 case(s): Raw=38.18% | DualGraph=34.69%
    +--------------------------------------------------+
[281/875] 12602 · QA · hallucinated
    - source_graph: cache hit
    - raw_direct: nano
    - response_graph: nano
    - alignment + complete-error-clause projection: nano
    +---------------- CASE PERFORMANCE ----------------+
    Gold       spans=[347:427] 'However, the Italian meaning of Teresa is not explicitly stated in the passages.' (contradiction)
    Raw        P=100.00% R= 62.50% F1= 76.92% | detect=OK | spans=[360:410] 'Italian meaning of Teresa is not explicitly stated' (contradiction)
    DualGraph  P=100.00% R= 88.75% F1= 94.04% | detect=OK | spans=[356:427] 'the Italian meaning of Teresa is not explicitly stated in the passages.' (contradiction)
    Compiler   claims=6 | sentences=3 | claims/sentence=2.00 | whole-sentence nodes=0 | fragments=0 | refinement=NO/none
    Case delta DualGraph-Raw = +17.12 pp | winner=DUAL_GRAPH
    Running micro-F1 after 281 case(s): Raw=38.36% | DualGraph=35.10%
    +--------------------------------------------------+
[282/875] 15791 · QA · clean
    - source_graph: cache hit
    - raw_direct: nano
    - response_graph: nano
    - alignment + complete-error-clause projection: nano
    +---------------- CASE PERFORMANCE ----------------+
    Gold       spans=[none]
    Raw        P=  0.00% R=  0.00% F1=  0.00% | detect=MISS | spans=[66:88] 'people born in October' (unsupported)
    DualGraph  P=100.00% R=100.00% F1=100.00% | detect=OK | spans=[none]
    Compiler   claims=4 | sentences=5 | claims/sentence=0.80 | whole-sentence nodes=0 | fragments=1 | refinement=YES/local_node_patch
    Case delta DualGraph-Raw = +100.00 pp | winner=DUAL_GRAPH
    Running micro-F1 after 282 case(s): Raw=38.33% | DualGraph=35.10%
    +--------------------------------------------------+
[283/875] 17058 · QA · clean
    - source_graph: cache hit
    - raw_direct: nano
    - response_graph: nano
    - alignment + complete-error-clause projection: nano
    +---------------- CASE PERFORMANCE ----------------+
    Gold       spans=[none]
    Raw        P=  0.00% R=  0.00% F1=  0.00% | detect=MISS | spans=[422:475] 'do not mention any side effects of drinking clove tea' (unsupported)
    DualGraph  P=100.00% R=100.00% F1=100.00% | detect=OK | spans=[none]
    Compiler   claims=8 | sentences=6 | claims/sentence=1.33 | whole-sentence nodes=3 | fragments=2 | refinement=YES/local_node_patch
    Case delta DualGraph-Raw = +100.00 pp | winner=DUAL_GRAPH
    Running micro-F1 after 283 case(s): Raw=38.26% | DualGraph=35.10%
    +--------------------------------------------------+
[284/875] 14802 · QA · clean
    - source_graph: cache hit
    - raw_direct: nano
    - response_graph: nano
    - alignment + complete-error-clause projection: nano
    +---------------- CASE PERFORMANCE ----------------+
    Gold       spans=[none]
    Raw        P=100.00% R=100.00% F1=100.00% | detect=OK | spans=[none]
    DualGraph  P=100.00% R=100.00% F1=100.00% | detect=OK | spans=[none]
    Compiler   claims=6 | sentences=4 | claims/sentence=1.50 | whole-sentence nodes=3 | fragments=3 | refinement=YES/local_node_patch
    Case delta DualGraph-Raw = +0.00 pp | winner=TIE
    Running micro-F1 after 284 case(s): Raw=38.26% | DualGraph=35.10%
    +--------------------------------------------------+
[285/875] 13294 · QA · clean
    - source_graph: cache hit
    - raw_direct: nano
    - response_graph: nano
    - alignment + complete-error-clause projection: nano
    +---------------- CASE PERFORMANCE ----------------+
    Gold       spans=[none]
    Raw        P=  0.00% R=  0.00% F1=  0.00% | detect=MISS | spans=[164:181] 'most common cause' (unsupported); [577:605] 'often following prior trauma' (unsupported)
    DualGraph  P=100.00% R=100.00% F1=100.00% | detect=OK | spans=[none]
    Compiler   claims=5 | sentences=5 | claims/sentence=1.00 | whole-sentence nodes=3 | fragments=0 | refinement=YES/local_node_patch
    Case delta DualGraph-Raw = +100.00 pp | winner=DUAL_GRAPH
    Running micro-F1 after 285 case(s): Raw=38.20% | DualGraph=35.10%
    +--------------------------------------------------+
[286/875] 14198 · QA · clean
    - source_graph: cache hit
    - raw_direct: nano
    - response_graph: nano
    - alignment + complete-error-clause projection: nano
    +---------------- CASE PERFORMANCE ----------------+
    Gold       spans=[none]
    Raw        P=  0.00% R=  0.00% F1=  0.00% | detect=MISS | spans=[312:364] 'without having to wait for it to circulate naturally' (unsupported)
    DualGraph  P=100.00% R=100.00% F1=100.00% | detect=OK | spans=[none]
    Compiler   claims=4 | sentences=4 | claims/sentence=1.00 | whole-sentence nodes=4 | fragments=0 | refinement=NO/none
    Case delta DualGraph-Raw = +100.00 pp | winner=DUAL_GRAPH
    Running micro-F1 after 286 case(s): Raw=38.13% | DualGraph=35.10%
    +--------------------------------------------------+
[287/875] 16117 · QA · clean
    - source_graph: cache hit
    - raw_direct: nano
    - response_graph: nano
    - alignment + complete-error-clause projection: nano
    +---------------- CASE PERFORMANCE ----------------+
    Gold       spans=[none]
    Raw        P=100.00% R=100.00% F1=100.00% | detect=OK | spans=[none]
    DualGraph  P=100.00% R=100.00% F1=100.00% | detect=OK | spans=[none]
    Compiler   claims=4 | sentences=4 | claims/sentence=1.00 | whole-sentence nodes=4 | fragments=0 | refinement=NO/none
    Case delta DualGraph-Raw = +0.00 pp | winner=TIE
    Running micro-F1 after 287 case(s): Raw=38.13% | DualGraph=35.10%
    +--------------------------------------------------+
[288/875] 12102 · QA · clean
    - source_graph: cache hit
    - raw_direct: nano
    - response_graph: nano
    - alignment + complete-error-clause projection: nano
    +---------------- CASE PERFORMANCE ----------------+
    Gold       spans=[none]
    Raw        P=  0.00% R=  0.00% F1=  0.00% | detect=MISS | spans=[365:386] "If this doesn't work," (unsupported)
    DualGraph  P=100.00% R=100.00% F1=100.00% | detect=OK | spans=[none]
    Compiler   claims=11 | sentences=9 | claims/sentence=1.22 | whole-sentence nodes=7 | fragments=8 | refinement=YES/local_node_patch
    Case delta DualGraph-Raw = +100.00 pp | winner=DUAL_GRAPH
    Running micro-F1 after 288 case(s): Raw=38.10% | DualGraph=35.10%
    +--------------------------------------------------+
[289/875] 15787 · QA · clean
    - source_graph: cache hit
    - raw_direct: nano
    - response_graph: nano
    - alignment + complete-error-clause projection: nano
    +---------------- CASE PERFORMANCE ----------------+
    Gold       spans=[none]
    Raw        P=  0.00% R=  0.00% F1=  0.00% | detect=MISS | spans=[29:51] 'people born in October' (unsupported); [206:285] 'They are also described as craving stability and security and being hardworking' (unsupported)
    DualGraph  P=  0.00% R=  0.00% F1=  0.00% | detect=MISS | spans=[29:109] 'people born in October are described as having an interest in form and structure' (unsupported); [111:133] 'being success-oriented' (unsupported); [170:204] 'possessing necessary people skills' (unsupported); [233:263] 'craving stability and security' (unsupported); [268:285] 'being hardworking' (unsupported)
    Compiler   claims=7 | sentences=2 | claims/sentence=3.50 | whole-sentence nodes=0 | fragments=0 | refinement=YES/local_node_patch
    Case delta DualGraph-Raw = +0.00 pp | winner=TIE
    Running micro-F1 after 289 case(s): Raw=37.96% | DualGraph=34.81%
    +--------------------------------------------------+
[290/875] 13468 · QA · clean
    - source_graph: cache hit
    - raw_direct: nano
    - response_graph: nano
    - alignment + complete-error-clause projection: nano
    +---------------- CASE PERFORMANCE ----------------+
    Gold       spans=[none]
    Raw        P=  0.00% R=  0.00% F1=  0.00% | detect=MISS | spans=[675:711] 'mild temperatures, moderate rainfall' (unsupported)
    DualGraph  P=100.00% R=100.00% F1=100.00% | detect=OK | spans=[none]
    Compiler   claims=9 | sentences=9 | claims/sentence=1.00 | whole-sentence nodes=6 | fragments=7 | refinement=YES/local_node_patch
    Case delta DualGraph-Raw = +100.00 pp | winner=DUAL_GRAPH
    Running micro-F1 after 290 case(s): Raw=37.91% | DualGraph=34.81%
    +--------------------------------------------------+
[291/875] 12458 · QA · hallucinated
    - raw_direct: nano
    - source_graph: nano
    - response_graph: nano
    - alignment + complete-error-clause projection: nano
    +---------------- CASE PERFORMANCE ----------------+
    Gold       spans=[205:239] 'average annual temperature of 61°F' (unsupported)
    Raw        P= 91.89% R=100.00% F1= 95.77% | detect=OK | spans=[202:239] 'an average annual temperature of 61°F' (unsupported)
    DualGraph  P= 80.95% R=100.00% F1= 89.47% | detect=OK | spans=[197:239] 'with an average annual temperature of 61°F' (unsupported)
    Compiler   claims=6 | sentences=5 | claims/sentence=1.20 | whole-sentence nodes=1 | fragments=4 | refinement=YES/local_node_patch
    Case delta DualGraph-Raw = -6.30 pp | winner=RAW_DIRECT
    Running micro-F1 after 291 case(s): Raw=38.06% | DualGraph=35.00%
    +--------------------------------------------------+
[292/875] 14761 · QA · clean
    - source_graph: cache hit
    - raw_direct: nano
    - response_graph: nano
    - alignment + complete-error-clause projection: nano
    +---------------- CASE PERFORMANCE ----------------+
    Gold       spans=[none]
    Raw        P=  0.00% R=  0.00% F1=  0.00% | detect=MISS | spans=[53:79] 'not specifically mentioned' (contradiction); [120:136] 'unable to answer' (contradiction)
    DualGraph  P=100.00% R=100.00% F1=100.00% | detect=OK | spans=[none]
    Compiler   claims=2 | sentences=2 | claims/sentence=1.00 | whole-sentence nodes=2 | fragments=0 | refinement=NO/none
    Case delta DualGraph-Raw = +100.00 pp | winner=DUAL_GRAPH
    Running micro-F1 after 292 case(s): Raw=38.00% | DualGraph=35.00%
    +--------------------------------------------------+
[293/875] 12619 · QA · clean
    - raw_direct: nano
    - source_graph: nano
    - response_graph: nano
    - alignment + complete-error-clause projection: nano
    +---------------- CASE PERFORMANCE ----------------+
    Gold       spans=[none]
    Raw        P=100.00% R=100.00% F1=100.00% | detect=OK | spans=[none]
    DualGraph  P=100.00% R=100.00% F1=100.00% | detect=OK | spans=[none]
    Compiler   claims=7 | sentences=1 | claims/sentence=7.00 | whole-sentence nodes=0 | fragments=0 | refinement=NO/none
    Case delta DualGraph-Raw = +0.00 pp | winner=TIE
    Running micro-F1 after 293 case(s): Raw=38.00% | DualGraph=35.00%
    +--------------------------------------------------+
[294/875] 12260 · QA · hallucinated
    - source_graph: cache hit
    - raw_direct: nano
    - response_graph: nano
    - alignment + complete-error-clause projection: nano
    +---------------- CASE PERFORMANCE ----------------+
    Gold       spans=[298:468] '4. Click on the Application tab. 5. Scroll down to the Default browser section. 6. Sele...' (unsupported)
    Raw        P=100.00% R= 91.18% F1= 95.38% | detect=OK | spans=[301:330] 'Click on the Application tab.' (unsupported); [334:377] 'Scroll down to the Default browser section.' (unsupported); [381:432] 'Select Firefox from the list of installed browsers.' (unsupported); [436:468] 'Click the Set as default button.' (unsupported)
    DualGraph  P=100.00% R= 91.18% F1= 95.38% | detect=OK | spans=[301:330] 'Click on the Application tab.' (unsupported); [334:377] 'Scroll down to the Default browser section.' (unsupported); [381:432] 'Select Firefox from the list of installed browsers.' (unsupported); [436:468] 'Click the Set as default button.' (unsupported)
    Compiler   claims=8 | sentences=15 | claims/sentence=0.53 | whole-sentence nodes=8 | fragments=6 | refinement=YES/local_node_patch
    Case delta DualGraph-Raw = +0.00 pp | winner=TIE
    Running micro-F1 after 294 case(s): Raw=38.65% | DualGraph=35.87%
    +--------------------------------------------------+
[295/875] 13312 · QA · clean
    - source_graph: cache hit
    - raw_direct: nano
    - response_graph: nano
    - alignment + complete-error-clause projection: nano
    +---------------- CASE PERFORMANCE ----------------+
    Gold       spans=[none]
    Raw        P=100.00% R=100.00% F1=100.00% | detect=OK | spans=[none]
    DualGraph  P=100.00% R=100.00% F1=100.00% | detect=OK | spans=[none]
    Compiler   claims=8 | sentences=5 | claims/sentence=1.60 | whole-sentence nodes=1 | fragments=0 | refinement=NO/none
    Case delta DualGraph-Raw = +0.00 pp | winner=TIE
    Running micro-F1 after 295 case(s): Raw=38.65% | DualGraph=35.87%
    +--------------------------------------------------+
[296/875] 13129 · QA · clean
    - source_graph: cache hit
    - raw_direct: nano
    - response_graph: nano
    - alignment + complete-error-clause projection: nano
    +---------------- CASE PERFORMANCE ----------------+
    Gold       spans=[none]
    Raw        P=100.00% R=100.00% F1=100.00% | detect=OK | spans=[none]
    DualGraph  P=100.00% R=100.00% F1=100.00% | detect=OK | spans=[none]
    Compiler   claims=7 | sentences=4 | claims/sentence=1.75 | whole-sentence nodes=0 | fragments=0 | refinement=NO/none
    Case delta DualGraph-Raw = +0.00 pp | winner=TIE
    Running micro-F1 after 296 case(s): Raw=38.65% | DualGraph=35.87%
    +--------------------------------------------------+
[297/875] 13718 · QA · clean
    - source_graph: cache hit
    - raw_direct: nano
    - response_graph: nano
    - alignment + complete-error-clause projection: nano
    +---------------- CASE PERFORMANCE ----------------+
    Gold       spans=[none]
    Raw        P=100.00% R=100.00% F1=100.00% | detect=OK | spans=[none]
    DualGraph  P=100.00% R=100.00% F1=100.00% | detect=OK | spans=[none]
    Compiler   claims=7 | sentences=11 | claims/sentence=0.64 | whole-sentence nodes=5 | fragments=6 | refinement=YES/local_node_patch
    Case delta DualGraph-Raw = +0.00 pp | winner=TIE
    Running micro-F1 after 297 case(s): Raw=38.65% | DualGraph=35.87%
    +--------------------------------------------------+
[298/875] 14098 · QA · hallucinated
    - source_graph: cache hit
    - raw_direct: nano
    - response_graph: nano
    - alignment + complete-error-clause projection: nano
    +---------------- CASE PERFORMANCE ----------------+
    Gold       spans=[574:595] 'ensure even coverage.' (unsupported)
    Raw        P= 25.00% R= 95.24% F1= 39.60% | detect=OK | spans=[232:239] 'usually' (unsupported); [490:518] 'how much fertilizer to apply' (unsupported); [571:594] 'to ensure even coverage' (unsupported); [743:757] 'was sufficient' (unsupported); [781:789] 'may have' (unsupported)
    DualGraph  P=  0.00% R=  0.00% F1=  0.00% | detect=MISS | spans=[none]
    Compiler   claims=18 | sentences=16 | claims/sentence=1.12 | whole-sentence nodes=8 | fragments=5 | refinement=YES/local_node_patch
    Case delta DualGraph-Raw = -39.60 pp | winner=RAW_DIRECT
    Running micro-F1 after 298 case(s): Raw=38.66% | DualGraph=35.84%
    +--------------------------------------------------+
[299/875] 14749 · QA · clean
    - source_graph: cache hit
    - raw_direct: nano
    - response_graph: nano
    - alignment + complete-error-clause projection: nano
    +---------------- CASE PERFORMANCE ----------------+
    Gold       spans=[none]
    Raw        P=100.00% R=100.00% F1=100.00% | detect=OK | spans=[none]
    DualGraph  P=100.00% R=100.00% F1=100.00% | detect=OK | spans=[none]
    Compiler   claims=6 | sentences=2 | claims/sentence=3.00 | whole-sentence nodes=0 | fragments=4 | refinement=YES/local_node_patch
    Case delta DualGraph-Raw = +0.00 pp | winner=TIE
    Running micro-F1 after 299 case(s): Raw=38.66% | DualGraph=35.84%
    +--------------------------------------------------+
[300/875] 15649 · QA · clean
    - source_graph: cache hit
    - raw_direct: nano
    - response_graph: nano
    - alignment + complete-error-clause projection: nano
    +---------------- CASE PERFORMANCE ----------------+
    Gold       spans=[none]
    Raw        P=100.00% R=100.00% F1=100.00% | detect=OK | spans=[none]
    DualGraph  P=  0.00% R=  0.00% F1=  0.00% | detect=MISS | spans=[437:483] 'equivalent to the regular pension contribution' (unsupported)
    Compiler   claims=6 | sentences=4 | claims/sentence=1.50 | whole-sentence nodes=2 | fragments=0 | refinement=NO/none
    Case delta DualGraph-Raw = -100.00 pp | winner=RAW_DIRECT
    Running micro-F1 after 300 case(s): Raw=38.66% | DualGraph=35.76%
    +--------------------------------------------------+
[301/875] 12070 · QA · clean
    - source_graph: cache hit
    - raw_direct: nano
    - response_graph: nano
    - alignment + complete-error-clause projection: nano
    +---------------- CASE PERFORMANCE ----------------+
    Gold       spans=[none]
    Raw        P=100.00% R=100.00% F1=100.00% | detect=OK | spans=[none]
    DualGraph  P=100.00% R=100.00% F1=100.00% | detect=OK | spans=[none]
    Compiler   claims=4 | sentences=3 | claims/sentence=1.33 | whole-sentence nodes=0 | fragments=1 | refinement=YES/local_node_patch
    Case delta DualGraph-Raw = +0.00 pp | winner=TIE
    Running micro-F1 after 301 case(s): Raw=38.66% | DualGraph=35.76%
    +--------------------------------------------------+
[302/875] 15272 · QA · clean
    - source_graph: cache hit
    - raw_direct: nano
    - response_graph: nano
    - alignment + complete-error-clause projection: nano
    +---------------- CASE PERFORMANCE ----------------+
    Gold       spans=[none]
    Raw        P=100.00% R=100.00% F1=100.00% | detect=OK | spans=[none]
    DualGraph  P=100.00% R=100.00% F1=100.00% | detect=OK | spans=[none]
    Compiler   claims=6 | sentences=1 | claims/sentence=6.00 | whole-sentence nodes=0 | fragments=0 | refinement=NO/none
    Case delta DualGraph-Raw = +0.00 pp | winner=TIE
    Running micro-F1 after 302 case(s): Raw=38.66% | DualGraph=35.76%
    +--------------------------------------------------+
[303/875] 13133 · QA · clean
    - source_graph: cache hit
    - raw_direct: nano
    - response_graph: nano
    - alignment + complete-error-clause projection: nano
    +---------------- CASE PERFORMANCE ----------------+
    Gold       spans=[none]
    Raw        P=  0.00% R=  0.00% F1=  0.00% | detect=MISS | spans=[85:93] 'airtight' (unsupported); [240:254] 'should be soft' (unsupported)
    DualGraph  P=100.00% R=100.00% F1=100.00% | detect=OK | spans=[none]
    Compiler   claims=8 | sentences=15 | claims/sentence=0.53 | whole-sentence nodes=8 | fragments=4 | refinement=YES/local_node_patch
    Case delta DualGraph-Raw = +100.00 pp | winner=DUAL_GRAPH
    Running micro-F1 after 303 case(s): Raw=38.63% | DualGraph=35.76%
    +--------------------------------------------------+
[304/875] 12443 · QA · clean
    - source_graph: cache hit
    - raw_direct: nano
    - response_graph: nano
    - alignment + complete-error-clause projection: nano
    +---------------- CASE PERFORMANCE ----------------+
    Gold       spans=[none]
    Raw        P=  0.00% R=  0.00% F1=  0.00% | detect=MISS | spans=[747:784] 'it is essential to wear rubber gloves' (unsupported)
    DualGraph  P=100.00% R=100.00% F1=100.00% | detect=OK | spans=[none]
    Compiler   claims=11 | sentences=20 | claims/sentence=0.55 | whole-sentence nodes=10 | fragments=6 | refinement=YES/local_node_patch
    Case delta DualGraph-Raw = +100.00 pp | winner=DUAL_GRAPH
    Running micro-F1 after 304 case(s): Raw=38.58% | DualGraph=35.76%
    +--------------------------------------------------+
[305/875] 17395 · QA · clean
    - source_graph: cache hit
    - raw_direct: nano
    - response_graph: nano
    - alignment + complete-error-clause projection: nano
    +---------------- CASE PERFORMANCE ----------------+
    Gold       spans=[none]
    Raw        P=  0.00% R=  0.00% F1=  0.00% | detect=MISS | spans=[30:44] 'tone the chest' (unsupported)
    DualGraph  P=100.00% R=100.00% F1=100.00% | detect=OK | spans=[none]
    Compiler   claims=1 | sentences=1 | claims/sentence=1.00 | whole-sentence nodes=0 | fragments=0 | refinement=NO/none
    Case delta DualGraph-Raw = +100.00 pp | winner=DUAL_GRAPH
    Running micro-F1 after 305 case(s): Raw=38.56% | DualGraph=35.76%
    +--------------------------------------------------+
[306/875] 16849 · QA · clean
    - source_graph: cache hit
    - raw_direct: nano
    - response_graph: nano
    - alignment + complete-error-clause projection: nano
    +---------------- CASE PERFORMANCE ----------------+
    Gold       spans=[none]
    Raw        P=100.00% R=100.00% F1=100.00% | detect=OK | spans=[none]
    DualGraph  P=100.00% R=100.00% F1=100.00% | detect=OK | spans=[none]
    Compiler   claims=7 | sentences=2 | claims/sentence=3.50 | whole-sentence nodes=0 | fragments=0 | refinement=YES/local_node_patch
    Case delta DualGraph-Raw = +0.00 pp | winner=TIE
    Running micro-F1 after 306 case(s): Raw=38.56% | DualGraph=35.76%
    +--------------------------------------------------+
[307/875] 13442 · QA · hallucinated
    - source_graph: cache hit
    - raw_direct: nano
    - response_graph: nano
    - alignment + complete-error-clause projection: nano
    +---------------- CASE PERFORMANCE ----------------+
    Gold       spans=[197:290] 'using a high-pressure hose can also be effective depending on the type and size of the ...' (contradiction)
    Raw        P=100.00% R= 51.61% F1= 68.09% | detect=OK | spans=[197:245] 'using a high-pressure hose can also be effective' (contradiction)
    DualGraph  P= 67.88% R=100.00% F1= 80.87% | detect=OK | spans=[197:289] 'using a high-pressure hose can also be effective depending on the type and size of the ...' (contradiction); [153:290] 'Additionally, applying a poultice method or using a high-pressure hose can also be effe...' (contradiction)
    Compiler   claims=9 | sentences=3 | claims/sentence=3.00 | whole-sentence nodes=5 | fragments=0 | refinement=YES/local_node_patch
    Case delta DualGraph-Raw = +12.78 pp | winner=DUAL_GRAPH
    Running micro-F1 after 307 case(s): Raw=38.70% | DualGraph=36.22%
    +--------------------------------------------------+
[308/875] 12556 · QA · clean
    - source_graph: cache hit
    - raw_direct: nano
    - response_graph: nano
    - alignment + complete-error-clause projection: nano
    +---------------- CASE PERFORMANCE ----------------+
    Gold       spans=[none]
    Raw        P=  0.00% R=  0.00% F1=  0.00% | detect=MISS | spans=[163:177] 'to the company' (unsupported); [421:550] 'only refer to the transfer of Water Stock Certificates and do not provide information o...' (unsupported); [637:692] 'I would be unable to answer based on the given passages' (unsupported)
    DualGraph  P=  0.00% R=  0.00% F1=  0.00% | detect=MISS | spans=[408:475] 'the passages only refer to the transfer of Water Stock Certificates' (unsupported); [480:550] 'do not provide information on other types of water rights or transfers' (unsupported); [480:551] 'do not provide information on other types of water rights or transfers.' (unsupported)
    Compiler   claims=7 | sentences=9 | claims/sentence=0.78 | whole-sentence nodes=3 | fragments=1 | refinement=YES/local_node_patch
    Case delta DualGraph-Raw = +0.00 pp | winner=TIE
    Running micro-F1 after 308 case(s): Raw=38.44% | DualGraph=36.00%
    +--------------------------------------------------+
[309/875] 14352 · QA · clean
    - raw_direct: nano
    - source_graph: nano
    - response_graph: nano
    - alignment + complete-error-clause projection: nano
    +---------------- CASE PERFORMANCE ----------------+
    Gold       spans=[none]
    Raw        P=100.00% R=100.00% F1=100.00% | detect=OK | spans=[none]
    DualGraph  P=100.00% R=100.00% F1=100.00% | detect=OK | spans=[none]
    Compiler   claims=7 | sentences=4 | claims/sentence=1.75 | whole-sentence nodes=0 | fragments=4 | refinement=YES/local_node_patch
    Case delta DualGraph-Raw = +0.00 pp | winner=TIE
    Running micro-F1 after 309 case(s): Raw=38.44% | DualGraph=36.00%
    +--------------------------------------------------+
[310/875] 14712 · QA · clean
    - source_graph: cache hit
    - raw_direct: nano
    - response_graph: nano
    - alignment + complete-error-clause projection: nano
    +---------------- CASE PERFORMANCE ----------------+
    Gold       spans=[none]
    Raw        P=100.00% R=100.00% F1=100.00% | detect=OK | spans=[none]
    DualGraph  P=100.00% R=100.00% F1=100.00% | detect=OK | spans=[none]
    Compiler   claims=2 | sentences=2 | claims/sentence=1.00 | whole-sentence nodes=2 | fragments=0 | refinement=NO/none
    Case delta DualGraph-Raw = +0.00 pp | winner=TIE
    Running micro-F1 after 310 case(s): Raw=38.44% | DualGraph=36.00%
    +--------------------------------------------------+
[311/875] 15789 · QA · clean
    - source_graph: cache hit
    - raw_direct: nano
    - response_graph: nano
    - alignment + complete-error-clause projection: nano
    +---------------- CASE PERFORMANCE ----------------+
    Gold       spans=[none]
    Raw        P=  0.00% R=  0.00% F1=  0.00% | detect=MISS | spans=[53:91] 'associated with people born in October' (unsupported); [319:368] 'may not apply to every individual born in October' (unsupported); [523:582] 'not scientifically proven methods of predicting personality' (unsupported)
    DualGraph  P=  0.00% R=  0.00% F1=  0.00% | detect=MISS | spans=[141:204] 'Success-oriented, charming, and personally powerful individuals' (unsupported); [513:582] 'which are not scientifically proven methods of predicting personality' (unsupported)
    Compiler   claims=8 | sentences=6 | claims/sentence=1.33 | whole-sentence nodes=0 | fragments=1 | refinement=YES/local_node_patch
    Case delta DualGraph-Raw = +0.00 pp | winner=TIE
    Running micro-F1 after 311 case(s): Raw=38.25% | DualGraph=35.79%
    +--------------------------------------------------+
[312/875] 14468 · QA · clean
    - source_graph: cache hit
    - raw_direct: nano
    - response_graph: nano
    - alignment + complete-error-clause projection: nano
    +---------------- CASE PERFORMANCE ----------------+
    Gold       spans=[none]
    Raw        P=  0.00% R=  0.00% F1=  0.00% | detect=MISS | spans=[412:446] 'rather than immigration as a whole' (contradiction)
    DualGraph  P=  0.00% R=  0.00% F1=  0.00% | detect=MISS | spans=[459:528] 'an accurate answer cannot be provided based solely on these passages.' (contradiction)
    Compiler   claims=5 | sentences=4 | claims/sentence=1.25 | whole-sentence nodes=0 | fragments=2 | refinement=YES/local_node_patch
    Case delta DualGraph-Raw = +0.00 pp | winner=TIE
    Running micro-F1 after 312 case(s): Raw=38.20% | DualGraph=35.69%
    +--------------------------------------------------+
[313/875] 13562 · QA · clean
    - source_graph: cache hit
    - raw_direct: nano
    - response_graph: nano
    - alignment + complete-error-clause projection: nano
    +---------------- CASE PERFORMANCE ----------------+
    Gold       spans=[none]
    Raw        P=100.00% R=100.00% F1=100.00% | detect=OK | spans=[none]
    DualGraph  P=100.00% R=100.00% F1=100.00% | detect=OK | spans=[none]
    Compiler   claims=10 | sentences=13 | claims/sentence=0.77 | whole-sentence nodes=4 | fragments=7 | refinement=YES/local_node_patch
    Case delta DualGraph-Raw = +0.00 pp | winner=TIE
    Running micro-F1 after 313 case(s): Raw=38.20% | DualGraph=35.69%
    +--------------------------------------------------+
[314/875] 12471 · QA · hallucinated
    - source_graph: cache hit
    - raw_direct: nano
    - response_graph: nano
    - alignment + complete-error-clause projection: nano
    +---------------- CASE PERFORMANCE ----------------+
    Gold       spans=[113:168] 'Connect your iPhone to your computer using a USB cable.' (contradiction); [346:410] 'Connect your iPhone to the computer and wait for iTunes to sync.' (contradiction)
    Raw        P=  0.00% R=  0.00% F1=  0.00% | detect=OK | spans=[276:343] 'Transfer the audiobook from OverDrive for Windows to your computer.' (unsupported)
    DualGraph  P=  0.00% R=  0.00% F1=  0.00% | detect=MISS | spans=[none]
    Compiler   claims=25 | sentences=36 | claims/sentence=0.69 | whole-sentence nodes=7 | fragments=17 | refinement=YES/local_node_patch
    Case delta DualGraph-Raw = +0.00 pp | winner=TIE
    Running micro-F1 after 314 case(s): Raw=37.96% | DualGraph=35.51%
    +--------------------------------------------------+
[315/875] 14395 · QA · clean
    - source_graph: cache hit
    - raw_direct: nano
    - response_graph: nano
    - alignment + complete-error-clause projection: nano
    +---------------- CASE PERFORMANCE ----------------+
    Gold       spans=[none]
    Raw        P=100.00% R=100.00% F1=100.00% | detect=OK | spans=[none]
    DualGraph  P=100.00% R=100.00% F1=100.00% | detect=OK | spans=[none]
    Compiler   claims=2 | sentences=2 | claims/sentence=1.00 | whole-sentence nodes=1 | fragments=0 | refinement=NO/none
    Case delta DualGraph-Raw = +0.00 pp | winner=TIE
    Running micro-F1 after 315 case(s): Raw=37.96% | DualGraph=35.51%
    +--------------------------------------------------+
[316/875] 16118 · QA · clean
    - source_graph: cache hit
    - raw_direct: nano
    - response_graph: nano
    - alignment + complete-error-clause projection: nano
    +---------------- CASE PERFORMANCE ----------------+
    Gold       spans=[none]
    Raw        P=100.00% R=100.00% F1=100.00% | detect=OK | spans=[none]
    DualGraph  P=100.00% R=100.00% F1=100.00% | detect=OK | spans=[none]
    Compiler   claims=3 | sentences=3 | claims/sentence=1.00 | whole-sentence nodes=2 | fragments=0 | refinement=NO/none
    Case delta DualGraph-Raw = +0.00 pp | winner=TIE
    Running micro-F1 after 316 case(s): Raw=37.96% | DualGraph=35.51%
    +--------------------------------------------------+
[317/875] 16666 · QA · clean
    - source_graph: cache hit
    - raw_direct: nano
    - response_graph: nano
    - alignment + complete-error-clause projection: nano
    +---------------- CASE PERFORMANCE ----------------+
    Gold       spans=[none]
    Raw        P=  0.00% R=  0.00% F1=  0.00% | detect=MISS | spans=[299:312] 'work remotely' (unsupported); [415:440] 'created new opportunities' (unsupported)
    DualGraph  P=100.00% R=100.00% F1=100.00% | detect=OK | spans=[none]
    Compiler   claims=5 | sentences=9 | claims/sentence=0.56 | whole-sentence nodes=2 | fragments=0 | refinement=YES/local_node_patch
    Case delta DualGraph-Raw = +100.00 pp | winner=DUAL_GRAPH
    Running micro-F1 after 317 case(s): Raw=37.91% | DualGraph=35.51%
    +--------------------------------------------------+
[318/875] 13232 · QA · clean
    - source_graph: cache hit
    - raw_direct: nano
    - response_graph: nano
    - alignment + complete-error-clause projection: nano
    +---------------- CASE PERFORMANCE ----------------+
    Gold       spans=[none]
    Raw        P=  0.00% R=  0.00% F1=  0.00% | detect=MISS | spans=[362:399] 'on the connecting sides of the frames' (unsupported); [483:502] 'to ensure stability' (unsupported)
    DualGraph  P=100.00% R=100.00% F1=100.00% | detect=OK | spans=[none]
    Compiler   claims=12 | sentences=17 | claims/sentence=0.71 | whole-sentence nodes=8 | fragments=5 | refinement=YES/local_node_patch
    Case delta DualGraph-Raw = +100.00 pp | winner=DUAL_GRAPH
    Running micro-F1 after 318 case(s): Raw=37.84% | DualGraph=35.51%
    +--------------------------------------------------+
[319/875] 15105 · QA · clean
    - source_graph: cache hit
    - raw_direct: nano
    - response_graph: nano
    - alignment + complete-error-clause projection: nano
    +---------------- CASE PERFORMANCE ----------------+
    Gold       spans=[none]
    Raw        P=  0.00% R=  0.00% F1=  0.00% | detect=MISS | spans=[674:715] 'Unable to answer based on given passages.' (unsupported); [716:936] 'The passages do not provide information on how to clean other types of jewelry, such as...' (unsupported)
    DualGraph  P=100.00% R=100.00% F1=100.00% | detect=OK | spans=[none]
    Compiler   claims=10 | sentences=13 | claims/sentence=0.77 | whole-sentence nodes=7 | fragments=2 | refinement=YES/local_node_patch
    Case delta DualGraph-Raw = +100.00 pp | winner=DUAL_GRAPH
    Running micro-F1 after 319 case(s): Raw=37.51% | DualGraph=35.51%
    +--------------------------------------------------+
[320/875] 14509 · QA · clean
    - source_graph: cache hit
    - raw_direct: nano
    - response_graph: nano
    - alignment + complete-error-clause projection: nano
    +---------------- CASE PERFORMANCE ----------------+
    Gold       spans=[none]
    Raw        P=100.00% R=100.00% F1=100.00% | detect=OK | spans=[none]
    DualGraph  P=100.00% R=100.00% F1=100.00% | detect=OK | spans=[none]
    Compiler   claims=3 | sentences=2 | claims/sentence=1.50 | whole-sentence nodes=0 | fragments=0 | refinement=NO/none
    Case delta DualGraph-Raw = +0.00 pp | winner=TIE
    Running micro-F1 after 320 case(s): Raw=37.51% | DualGraph=35.51%
    +--------------------------------------------------+
[321/875] 14507 · QA · clean
    - source_graph: cache hit
    - raw_direct: nano
    - response_graph: nano
    - alignment + complete-error-clause projection: nano
    +---------------- CASE PERFORMANCE ----------------+
    Gold       spans=[none]
    Raw        P=  0.00% R=  0.00% F1=  0.00% | detect=MISS | spans=[291:312] 'attract new customers' (unsupported); [739:755] 'and higher sales' (unsupported); [757:832] 'ultimately contributing to the long-term success and growth of the business' (unsupported)
    DualGraph  P=100.00% R=100.00% F1=100.00% | detect=OK | spans=[none]
    Compiler   claims=11 | sentences=4 | claims/sentence=2.75 | whole-sentence nodes=0 | fragments=2 | refinement=YES/local_node_patch
    Case delta DualGraph-Raw = +100.00 pp | winner=DUAL_GRAPH
    Running micro-F1 after 321 case(s): Raw=37.37% | DualGraph=35.51%
    +--------------------------------------------------+
[322/875] 17284 · QA · clean
    - source_graph: cache hit
    - raw_direct: nano
    - response_graph: nano
    - alignment + complete-error-clause projection: nano
    +---------------- CASE PERFORMANCE ----------------+
    Gold       spans=[none]
    Raw        P=100.00% R=100.00% F1=100.00% | detect=OK | spans=[none]
    DualGraph  P=100.00% R=100.00% F1=100.00% | detect=OK | spans=[none]
    Compiler   claims=5 | sentences=7 | claims/sentence=0.71 | whole-sentence nodes=2 | fragments=3 | refinement=YES/local_node_patch
    Case delta DualGraph-Raw = +0.00 pp | winner=TIE
    Running micro-F1 after 322 case(s): Raw=37.37% | DualGraph=35.51%
    +--------------------------------------------------+
[323/875] 14196 · QA · clean
    - source_graph: cache hit
    - raw_direct: nano
    - response_graph: nano
    - alignment + complete-error-clause projection: nano
    +---------------- CASE PERFORMANCE ----------------+
    Gold       spans=[none]
    Raw        P=100.00% R=100.00% F1=100.00% | detect=OK | spans=[none]
    DualGraph  P=100.00% R=100.00% F1=100.00% | detect=OK | spans=[none]
    Compiler   claims=10 | sentences=6 | claims/sentence=1.67 | whole-sentence nodes=3 | fragments=2 | refinement=YES/local_node_patch
    Case delta DualGraph-Raw = +0.00 pp | winner=TIE
    Running micro-F1 after 323 case(s): Raw=37.37% | DualGraph=35.51%
    +--------------------------------------------------+
[324/875] 12103 · QA · clean
    - source_graph: cache hit
    - raw_direct: nano
    - response_graph: nano
    - alignment + complete-error-clause projection: nano
    +---------------- CASE PERFORMANCE ----------------+
    Gold       spans=[none]
    Raw        P=100.00% R=100.00% F1=100.00% | detect=OK | spans=[none]
    DualGraph  P=100.00% R=100.00% F1=100.00% | detect=OK | spans=[none]
    Compiler   claims=12 | sentences=19 | claims/sentence=0.63 | whole-sentence nodes=8 | fragments=8 | refinement=YES/local_node_patch
    Case delta DualGraph-Raw = +0.00 pp | winner=TIE
    Running micro-F1 after 324 case(s): Raw=37.37% | DualGraph=35.51%
    +--------------------------------------------------+
[325/875] 12459 · QA · hallucinated
    - source_graph: cache hit
    - raw_direct: nano
    - response_graph: nano
    - alignment + complete-error-clause projection: nano
    +---------------- CASE PERFORMANCE ----------------+
    Gold       spans=[238:276] 'average annual snowfall of 15.3 inches' (unsupported); [361:387] 'with four distinct seasons' (unsupported)
    Raw        P= 44.44% R=100.00% F1= 61.54% | detect=OK | spans=[238:276] 'average annual snowfall of 15.3 inches' (unsupported); [344:387] 'moderate climate with four distinct seasons' (unsupported); [809:850] 'Unable to answer based on given passages.' (contradiction); [977:999] 'frequency of heatwaves' (unsupported)
    DualGraph  P= 74.42% R=100.00% F1= 85.33% | detect=OK | spans=[235:276] 'an average annual snowfall of 15.3 inches' (unsupported); [342:387] 'a moderate climate with four distinct seasons' (unsupported)
    Compiler   claims=12 | sentences=15 | claims/sentence=0.80 | whole-sentence nodes=3 | fragments=5 | refinement=YES/local_node_patch
    Case delta DualGraph-Raw = +23.79 pp | winner=DUAL_GRAPH
    Running micro-F1 after 325 case(s): Raw=37.53% | DualGraph=35.82%
    +--------------------------------------------------+
[326/875] 15347 · QA · clean
    - source_graph: cache hit
    - raw_direct: nano
    - response_graph: nano
    - alignment + complete-error-clause projection: nano
    +---------------- CASE PERFORMANCE ----------------+
    Gold       spans=[none]
    Raw        P=  0.00% R=  0.00% F1=  0.00% | detect=MISS | spans=[299:340] 'Unable to answer based on given passages.' (unsupported)
    DualGraph  P=  0.00% R=  0.00% F1=  0.00% | detect=MISS | spans=[299:340] 'Unable to answer based on given passages.' (contradiction)
    Compiler   claims=6 | sentences=6 | claims/sentence=1.00 | whole-sentence nodes=1 | fragments=1 | refinement=YES/local_node_patch
    Case delta DualGraph-Raw = +0.00 pp | winner=TIE
    Running micro-F1 after 326 case(s): Raw=37.48% | DualGraph=35.76%
    +--------------------------------------------------+
[327/875] 13491 · QA · clean
    - source_graph: cache hit
    - raw_direct: nano
    - response_graph: nano
    - alignment + complete-error-clause projection: nano
    +---------------- CASE PERFORMANCE ----------------+
    Gold       spans=[none]
    Raw        P=100.00% R=100.00% F1=100.00% | detect=OK | spans=[none]
    DualGraph  P=100.00% R=100.00% F1=100.00% | detect=OK | spans=[none]
    Compiler   claims=15 | sentences=18 | claims/sentence=0.83 | whole-sentence nodes=2 | fragments=1 | refinement=YES/local_node_patch
    Case delta DualGraph-Raw = +0.00 pp | winner=TIE
    Running micro-F1 after 327 case(s): Raw=37.48% | DualGraph=35.76%
    +--------------------------------------------------+
[328/875] 16506 · QA · clean
    - source_graph: cache hit
    - raw_direct: nano
    - response_graph: nano
    - alignment + complete-error-clause projection: nano
    +---------------- CASE PERFORMANCE ----------------+
    Gold       spans=[none]
    Raw        P=100.00% R=100.00% F1=100.00% | detect=OK | spans=[none]
    DualGraph  P=100.00% R=100.00% F1=100.00% | detect=OK | spans=[none]
    Compiler   claims=7 | sentences=3 | claims/sentence=2.33 | whole-sentence nodes=0 | fragments=0 | refinement=NO/none
    Case delta DualGraph-Raw = +0.00 pp | winner=TIE
    Running micro-F1 after 328 case(s): Raw=37.48% | DualGraph=35.76%
    +--------------------------------------------------+
[329/875] 12520 · QA · clean
    - source_graph: cache hit
    - raw_direct: nano
    - response_graph: nano
    - alignment + complete-error-clause projection: nano
    +---------------- CASE PERFORMANCE ----------------+
    Gold       spans=[none]
    Raw        P=  0.00% R=  0.00% F1=  0.00% | detect=MISS | spans=[467:503] 'plays a crucial role in coordinating' (unsupported)
    DualGraph  P=  0.00% R=  0.00% F1=  0.00% | detect=MISS | spans=[401:446] 'removes carbon dioxide from the other systems' (unsupported); [448:543] 'The nervous system plays a crucial role in coordinating the functions of all the other ...' (unsupported)
    Compiler   claims=6 | sentences=4 | claims/sentence=1.50 | whole-sentence nodes=2 | fragments=4 | refinement=YES/local_node_patch
    Case delta DualGraph-Raw = +0.00 pp | winner=TIE
    Running micro-F1 after 329 case(s): Raw=37.44% | DualGraph=35.55%
    +--------------------------------------------------+
[330/875] 16357 · QA · clean
    - source_graph: cache hit
    - raw_direct: nano
    - response_graph: nano
    - alignment + complete-error-clause projection: nano
    +---------------- CASE PERFORMANCE ----------------+
    Gold       spans=[none]
    Raw        P=  0.00% R=  0.00% F1=  0.00% | detect=MISS | spans=[154:170] 'of the 1040 form' (unsupported)
    DualGraph  P=100.00% R=100.00% F1=100.00% | detect=OK | spans=[none]
    Compiler   claims=1 | sentences=1 | claims/sentence=1.00 | whole-sentence nodes=0 | fragments=0 | refinement=NO/none
    Case delta DualGraph-Raw = +100.00 pp | winner=DUAL_GRAPH
    Running micro-F1 after 330 case(s): Raw=37.42% | DualGraph=35.55%
    +--------------------------------------------------+
[331/875] 17060 · QA · hallucinated
    - source_graph: cache hit
    - raw_direct: nano
    - response_graph: nano
Traceback (most recent call last):
  File "C:\Users\chefc\OneDrive\바탕 화면\YAI Challenge\v046\run_ragtruth_raw_vs_dual_graph.py", line 120, in <module>
    sys.exit(main())
             ^^^^^^
  File "C:\Users\chefc\OneDrive\바탕 화면\YAI Challenge\v046\run_ragtruth_raw_vs_dual_graph.py", line 93, in main
    result = run_ragtruth_raw_vs_dual_graph(
             ^^^^^^^^^^^^^^^^^^^^^^^^^^^^^^^
  File "C:\Users\chefc\OneDrive\바탕 화면\YAI Challenge\v046\vrg\ragtruth_dual_graph.py", line 1430, in run_ragtruth_raw_vs_dual_graph
    for future in as_completed(futures):
  File "C:\Users\chefc\anaconda3\Lib\concurrent\futures\_base.py", line 243, in as_completed
    waiter.event.wait(wait_timeout)
  File "C:\Users\chefc\anaconda3\Lib\threading.py", line 622, in wait
    signaled = self._cond.wait(timeout)
               ^^^^^^^^^^^^^^^^^^^^^^^^
  File "C:\Users\chefc\anaconda3\Lib\threading.py", line 320, in wait
    waiter.acquire()
KeyboardInterrupt
^C일괄 작업을 끝내시겠습니까 (Y/N)?